12.000000	0.000000
11.998474	0.000000
11.996948	0.000000
11.995422	0.000000
11.993896	0.000000
11.992370	0.000000
11.990844	0.000000
11.989318	0.000000
11.987791	0.000000
11.986265	0.000000
11.984739	0.000000
11.983213	0.000000
11.981687	0.000000
11.980161	0.000000
11.978635	0.000000
11.977109	0.000000
11.975583	0.000000
11.974057	0.000000
11.972531	0.000000
11.971005	0.000000
11.969479	0.000000
11.967953	0.000000
11.966427	0.000000
11.964901	0.000000
11.963374	0.000000
11.961848	0.000000
11.960322	0.000000
11.958796	0.000000
11.957270	0.000000
11.955744	0.000000
11.954218	0.000000
11.952692	0.000000
11.951166	0.000000
11.949640	0.000000
11.948114	0.000000
11.946588	0.000000
11.945062	0.000000
11.943536	0.000000
11.942010	0.000000
11.940483	0.000000
11.938957	0.000000
11.937431	0.000000
11.935905	0.000000
11.934379	0.000000
11.932853	0.000000
11.931327	0.000000
11.929801	0.000000
11.928275	0.000000
11.926749	0.000000
11.925223	0.000000
11.923697	0.000000
11.922171	0.000000
11.920645	0.000000
11.919119	0.000000
11.917592	0.000000
11.916066	0.000000
11.914540	0.000000
11.913014	0.000000
11.911488	0.000000
11.909962	0.000000
11.908436	0.000000
11.906910	0.000000
11.905384	0.000000
11.903858	0.000000
11.902332	0.000000
11.900806	0.000000
11.899280	0.000000
11.897754	0.000000
11.896228	0.000000
11.894702	0.000000
11.893175	0.000000
11.891649	0.000000
11.890123	0.000000
11.888597	0.000000
11.887071	0.000000
11.885545	0.000000
11.884019	0.000000
11.882493	0.000000
11.880967	0.000000
11.879441	0.000000
11.877915	0.000000
11.876389	0.000000
11.874863	0.000000
11.873337	0.000000
11.871811	0.000000
11.870284	0.000000
11.868758	0.000000
11.867232	0.000000
11.865706	0.000000
11.864180	0.000000
11.862654	0.000000
11.861128	0.000000
11.859602	0.000000
11.858076	0.000000
11.856550	0.000000
11.855024	0.000000
11.853498	0.000000
11.851972	0.000000
11.850446	0.000000
11.848920	0.000000
11.847393	0.000000
11.845867	0.000000
11.844341	0.000000
11.842815	0.000000
11.841289	0.000000
11.839763	0.000000
11.838237	0.000000
11.836711	0.000000
11.835185	0.000000
11.833659	0.000000
11.832133	0.000000
11.830607	0.000000
11.829081	0.000000
11.827555	0.000000
11.826029	0.000000
11.824503	0.000000
11.822976	0.000000
11.821450	0.000000
11.819924	0.000000
11.818398	0.000000
11.816872	0.000000
11.815346	0.000000
11.813820	0.000000
11.812294	0.000000
11.810768	0.000000
11.809242	0.000000
11.807716	0.000000
11.806190	0.000000
11.804664	0.000000
11.803138	0.000000
11.801612	0.000000
11.800085	0.000000
11.798559	0.000000
11.797033	0.000000
11.795507	0.000000
11.793981	0.000000
11.792455	0.000000
11.790929	0.000000
11.789403	0.000000
11.787877	0.000000
11.786351	0.000000
11.784825	0.000000
11.783299	0.000000
11.781773	0.000000
11.780247	0.000000
11.778721	0.000000
11.777194	0.000000
11.775668	0.000000
11.774142	0.000000
11.772616	0.000000
11.771090	0.000000
11.769564	0.000000
11.768038	0.000000
11.766512	0.000000
11.764986	0.000000
11.763460	0.000000
11.761934	0.000000
11.760408	0.000000
11.758882	0.000000
11.757356	0.000000
11.755830	0.000000
11.754304	0.000000
11.752777	0.000000
11.751251	0.000000
11.749725	0.000000
11.748199	0.000000
11.746673	0.000000
11.745147	0.000000
11.743621	0.000000
11.742095	0.000000
11.740569	0.000000
11.739043	0.000000
11.737517	0.000000
11.735991	0.000000
11.734465	0.000000
11.732939	0.000000
11.731413	0.000000
11.729886	0.000000
11.728360	0.000000
11.726834	0.000000
11.725308	0.000000
11.723782	0.000000
11.722256	0.000000
11.720730	0.000000
11.719204	0.000000
11.717678	0.000000
11.716152	0.000000
11.714626	0.000000
11.713100	0.000000
11.711574	0.000000
11.710048	0.000000
11.708522	0.000000
11.706995	0.000000
11.705469	0.000000
11.703943	0.000000
11.702417	0.000000
11.700891	0.000000
11.699365	0.000000
11.697839	0.000000
11.696313	0.000000
11.694787	0.000000
11.693261	0.000000
11.691735	0.000000
11.690209	0.000000
11.688683	0.000000
11.687157	0.000000
11.685631	0.000000
11.684105	0.000000
11.682578	0.000000
11.681052	0.000000
11.679526	0.000000
11.678000	0.000000
11.676474	0.000000
11.674948	0.000000
11.673422	0.000000
11.671896	0.000000
11.670370	0.000000
11.668844	0.000000
11.667318	0.000000
11.665792	0.000000
11.664266	0.000000
11.662740	0.000000
11.661214	0.000000
11.659687	0.000000
11.658161	0.000000
11.656635	0.000000
11.655109	0.000000
11.653583	0.000000
11.652057	0.000000
11.650531	0.000000
11.649005	0.000000
11.647479	0.000000
11.645953	0.000000
11.644427	0.000000
11.642901	0.000000
11.641375	0.000000
11.639849	0.000000
11.638323	0.000000
11.636796	0.000000
11.635270	0.000000
11.633744	0.000000
11.632218	0.000000
11.630692	0.000000
11.629166	0.000000
11.627640	0.000000
11.626114	0.000000
11.624588	0.000000
11.623062	0.000000
11.621536	0.000000
11.620010	0.000000
11.618484	0.000000
11.616958	0.000000
11.615432	0.000000
11.613906	0.000000
11.612379	0.000000
11.610853	0.000000
11.609327	0.000000
11.607801	0.000000
11.606275	0.000000
11.604749	0.000000
11.603223	0.000000
11.601697	0.000000
11.600171	0.000000
11.598645	0.000000
11.597119	0.000000
11.595593	0.000000
11.594067	0.000000
11.592541	0.000000
11.591015	0.000000
11.589488	0.000000
11.587962	0.000000
11.586436	0.000000
11.584910	0.000000
11.583384	0.000000
11.581858	0.000000
11.580332	0.000000
11.578806	0.000000
11.577280	0.000000
11.575754	0.000000
11.574228	0.000000
11.572702	0.000000
11.571176	0.000000
11.569650	0.000000
11.568124	0.000000
11.566597	0.000000
11.565071	0.000000
11.563545	0.000000
11.562019	0.000000
11.560493	0.000000
11.558967	0.000000
11.557441	0.000000
11.555915	0.000000
11.554389	0.000000
11.552863	0.000000
11.551337	0.000000
11.549811	0.000000
11.548285	0.000000
11.546759	0.000000
11.545233	0.000000
11.543707	0.000000
11.542180	0.000000
11.540654	0.000000
11.539128	0.000000
11.537602	0.000000
11.536076	0.000000
11.534550	0.000000
11.533024	0.000000
11.531498	0.000000
11.529972	0.000000
11.528446	0.000000
11.526920	0.000000
11.525394	0.000000
11.523868	0.000000
11.522342	0.000000
11.520816	0.000000
11.519289	0.000000
11.517763	0.000000
11.516237	0.000000
11.514711	0.000000
11.513185	0.000000
11.511659	0.000000
11.510133	0.000000
11.508607	0.000000
11.507081	0.000000
11.505555	0.000000
11.504029	0.000000
11.502503	0.000000
11.500977	0.000000
11.499451	0.000000
11.497925	0.000000
11.496398	0.000000
11.494872	0.000000
11.493346	0.000000
11.491820	0.000000
11.490294	0.000000
11.488768	0.000000
11.487242	0.000000
11.485716	0.000000
11.484190	0.000000
11.482664	0.000000
11.481138	0.000000
11.479612	0.000000
11.478086	0.000000
11.476560	0.000000
11.475034	0.000000
11.473508	0.000000
11.471981	0.000000
11.470455	0.000000
11.468929	0.000000
11.467403	0.000000
11.465877	0.000000
11.464351	0.000000
11.462825	0.000000
11.461299	0.000000
11.459773	0.000000
11.458247	0.000000
11.456721	0.000000
11.455195	0.000000
11.453669	0.000000
11.452143	0.000000
11.450617	0.000000
11.449090	0.000000
11.447564	0.000000
11.446038	0.000000
11.444512	0.000000
11.442986	0.000000
11.441460	0.000000
11.439934	0.000000
11.438408	0.000000
11.436882	0.000000
11.435356	0.000000
11.433830	0.000000
11.432304	0.000000
11.430778	0.000000
11.429252	0.000000
11.427726	0.000000
11.426199	0.000000
11.424673	0.000000
11.423147	0.000000
11.421621	0.000000
11.420095	0.000000
11.418569	0.000000
11.417043	0.000000
11.415517	0.000000
11.413991	0.000000
11.412465	0.000000
11.410939	0.000000
11.409413	0.000000
11.407887	0.000000
11.406361	0.000000
11.404835	0.000000
11.403309	0.000000
11.401782	0.000000
11.400256	0.000000
11.398730	0.000000
11.397204	0.000000
11.395678	0.000000
11.394152	0.000000
11.392626	0.000000
11.391100	0.000000
11.389574	0.000000
11.388048	0.000000
11.386522	0.000000
11.384996	0.000000
11.383470	0.000000
11.381944	0.000000
11.380418	0.000000
11.378891	0.000000
11.377365	0.000000
11.375839	0.000000
11.374313	0.000000
11.372787	0.000000
11.371261	0.000000
11.369735	0.000000
11.368209	0.000000
11.366683	0.000000
11.365157	0.000000
11.363631	0.000000
11.362105	0.000000
11.360579	0.000000
11.359053	0.000000
11.357527	0.000000
11.356000	0.000000
11.354474	0.000000
11.352948	0.000000
11.351422	0.000000
11.349896	0.000000
11.348370	0.000000
11.346844	0.000000
11.345318	0.000000
11.343792	0.000000
11.342266	0.000000
11.340740	0.000000
11.339214	0.000000
11.337688	0.000000
11.336162	0.000000
11.334636	0.000000
11.333110	0.000000
11.331583	0.000000
11.330057	0.000000
11.328531	0.000000
11.327005	0.000000
11.325479	0.000000
11.323953	0.000000
11.322427	0.000000
11.320901	0.000000
11.319375	0.000000
11.317849	0.000000
11.316323	0.000000
11.314797	0.000000
11.313271	0.000000
11.311745	0.000000
11.310219	0.000000
11.308692	0.000000
11.307166	0.000000
11.305640	0.000000
11.304114	0.000000
11.302588	0.000000
11.301062	0.000000
11.299536	0.000000
11.298010	0.000000
11.296484	0.000000
11.294958	0.000000
11.293432	0.000000
11.291906	0.000000
11.290380	0.000000
11.288854	0.000000
11.287328	0.000000
11.285801	0.000000
11.284275	0.000000
11.282749	0.000000
11.281223	0.000000
11.279697	0.000000
11.278171	0.000000
11.276645	0.000000
11.275119	0.000000
11.273593	0.000000
11.272067	0.000000
11.270541	0.000000
11.269015	0.000000
11.267489	0.000000
11.265963	0.000000
11.264437	0.000000
11.262911	0.000000
11.261384	0.000000
11.259858	0.000000
11.258332	0.000000
11.256806	0.000000
11.255280	0.000000
11.253754	0.000000
11.252228	0.000000
11.250702	0.000000
11.249176	0.000000
11.247650	0.000000
11.246124	0.000000
11.244598	0.000000
11.243072	0.000000
11.241546	0.000000
11.240020	0.000000
11.238493	0.000000
11.236967	0.000000
11.235441	0.000000
11.233915	0.000000
11.232389	0.000000
11.230863	0.000000
11.229337	0.000000
11.227811	0.000000
11.226285	0.000000
11.224759	0.000000
11.223233	0.000000
11.221707	0.000000
11.220181	0.000000
11.218655	0.000000
11.217129	0.000000
11.215602	0.000000
11.214076	0.000000
11.212550	0.000000
11.211024	0.000000
11.209498	0.000000
11.207972	0.000000
11.206446	0.000000
11.204920	0.000000
11.203394	0.000000
11.201868	0.000000
11.200342	0.000000
11.198816	0.000000
11.197290	0.000000
11.195764	0.000000
11.194238	0.000000
11.192712	0.000000
11.191185	0.000000
11.189659	0.000000
11.188133	0.000000
11.186607	0.000000
11.185081	0.000000
11.183555	0.000000
11.182029	0.000000
11.180503	0.000000
11.178977	0.000000
11.177451	0.000000
11.175925	0.000000
11.174399	0.000000
11.172873	0.000000
11.171347	0.000000
11.169821	0.000000
11.168294	0.000000
11.166768	0.000000
11.165242	0.000000
11.163716	0.000000
11.162190	0.000000
11.160664	0.000000
11.159138	0.000000
11.157612	0.000000
11.156086	0.000000
11.154560	0.000000
11.153034	0.000000
11.151508	0.000000
11.149982	0.000000
11.148456	0.000000
11.146930	0.000000
11.145403	0.000000
11.143877	0.000000
11.142351	0.000000
11.140825	0.000000
11.139299	0.000000
11.137773	0.000000
11.136247	0.000000
11.134721	0.000000
11.133195	0.000000
11.131669	0.000000
11.130143	0.000000
11.128617	0.000000
11.127091	0.000000
11.125565	0.000000
11.124039	0.000000
11.122513	0.000000
11.120986	0.000000
11.119460	0.000000
11.117934	0.000000
11.116408	0.000000
11.114882	0.000000
11.113356	0.000000
11.111830	0.000000
11.110304	0.000000
11.108778	0.000000
11.107252	0.000000
11.105726	0.000000
11.104200	0.000000
11.102674	0.000000
11.101148	0.000000
11.099622	0.000000
11.098095	0.000000
11.096569	0.000000
11.095043	0.000000
11.093517	0.000000
11.091991	0.000000
11.090465	0.000000
11.088939	0.000000
11.087413	0.000000
11.085887	0.000000
11.084361	0.000000
11.082835	0.000000
11.081309	0.000000
11.079783	0.000000
11.078257	0.000000
11.076731	0.000000
11.075204	0.000000
11.073678	0.000000
11.072152	0.000000
11.070626	0.000000
11.069100	0.000000
11.067574	0.000000
11.066048	0.000000
11.064522	0.000000
11.062996	0.000000
11.061470	0.000000
11.059944	0.000000
11.058418	0.000000
11.056892	0.000000
11.055366	0.000000
11.053840	0.000000
11.052314	0.000000
11.050787	0.000000
11.049261	0.000000
11.047735	0.000000
11.046209	0.000000
11.044683	0.000000
11.043157	0.000000
11.041631	0.000000
11.040105	0.000000
11.038579	0.000000
11.037053	0.000000
11.035527	0.000000
11.034001	0.000000
11.032475	0.000000
11.030949	0.000000
11.029423	0.000000
11.027896	0.000000
11.026370	0.000000
11.024844	0.000000
11.023318	0.000000
11.021792	0.000000
11.020266	0.000000
11.018740	0.000000
11.017214	0.000000
11.015688	0.000000
11.014162	0.000000
11.012636	0.000000
11.011110	0.000000
11.009584	0.000000
11.008058	0.000000
11.006532	0.000000
11.005005	0.000000
11.003479	0.000000
11.001953	0.000000
11.000427	0.000000
10.998901	0.000000
10.997375	0.000000
10.995849	0.000000
10.994323	0.000000
10.992797	0.000000
10.991271	0.000000
10.989745	0.000000
10.988219	0.000000
10.986693	0.000000
10.985167	0.000000
10.983641	0.000000
10.982115	0.000000
10.980588	0.000000
10.979062	0.000000
10.977536	0.000000
10.976010	0.000000
10.974484	0.000000
10.972958	0.000000
10.971432	0.000000
10.969906	0.000000
10.968380	0.000000
10.966854	0.000000
10.965328	0.000000
10.963802	0.000000
10.962276	0.000000
10.960750	0.000000
10.959224	0.000000
10.957697	0.000000
10.956171	0.000000
10.954645	0.000000
10.953119	0.000000
10.951593	0.000000
10.950067	0.000000
10.948541	0.000000
10.947015	0.000000
10.945489	0.000000
10.943963	0.000000
10.942437	0.000000
10.940911	0.000000
10.939385	0.000000
10.937859	0.000000
10.936333	0.000000
10.934806	0.000000
10.933280	0.000000
10.931754	0.000000
10.930228	0.000000
10.928702	0.000000
10.927176	0.000000
10.925650	0.000000
10.924124	0.000000
10.922598	0.000000
10.921072	0.000000
10.919546	0.000000
10.918020	0.000000
10.916494	0.000000
10.914968	0.000000
10.913442	0.000000
10.911916	0.000000
10.910389	0.000000
10.908863	0.000000
10.907337	0.000000
10.905811	0.000000
10.904285	0.000000
10.902759	0.000000
10.901233	0.000000
10.899707	0.000000
10.898181	0.000000
10.896655	0.000000
10.895129	0.000000
10.893603	0.000000
10.892077	0.000000
10.890551	0.000000
10.889025	0.000000
10.887498	0.000000
10.885972	0.000000
10.884446	0.000000
10.882920	0.000000
10.881394	0.000000
10.879868	0.000000
10.878342	0.000000
10.876816	0.000000
10.875290	0.000000
10.873764	0.000000
10.872238	0.000000
10.870712	0.000000
10.869186	0.000000
10.867660	0.000000
10.866134	0.000000
10.864607	0.000000
10.863081	0.000000
10.861555	0.000000
10.860029	0.000000
10.858503	0.000000
10.856977	0.000000
10.855451	0.000000
10.853925	0.000000
10.852399	0.000000
10.850873	0.000000
10.849347	0.000000
10.847821	0.000000
10.846295	0.000000
10.844769	0.000000
10.843243	0.000000
10.841717	0.000000
10.840190	0.000000
10.838664	0.000000
10.837138	0.000000
10.835612	0.000000
10.834086	0.000000
10.832560	0.000000
10.831034	0.000000
10.829508	0.000000
10.827982	0.000000
10.826456	0.000000
10.824930	0.000000
10.823404	0.000000
10.821878	0.000000
10.820352	0.000000
10.818826	0.000000
10.817299	0.000000
10.815773	0.000000
10.814247	0.000000
10.812721	0.000000
10.811195	0.000000
10.809669	0.000000
10.808143	0.000000
10.806617	0.000000
10.805091	0.000000
10.803565	0.000000
10.802039	0.000000
10.800513	0.000000
10.798987	0.000000
10.797461	0.000000
10.795935	0.000000
10.794408	0.000000
10.792882	0.000000
10.791356	0.000000
10.789830	0.000000
10.788304	0.000000
10.786778	0.000000
10.785252	0.000000
10.783726	0.000000
10.782200	0.000000
10.780674	0.000000
10.779148	0.000000
10.777622	0.000000
10.776096	0.000000
10.774570	0.000000
10.773044	0.000000
10.771518	0.000000
10.769991	0.000000
10.768465	0.000000
10.766939	0.000000
10.765413	0.000000
10.763887	0.000000
10.762361	0.000000
10.760835	0.000000
10.759309	0.000000
10.757783	0.000000
10.756257	0.000000
10.754731	0.000000
10.753205	0.000000
10.751679	0.000000
10.750153	0.000000
10.748627	0.000000
10.747100	0.000000
10.745574	0.000000
10.744048	0.000000
10.742522	0.000000
10.740996	0.000000
10.739470	0.000000
10.737944	0.000000
10.736418	0.000000
10.734892	0.000000
10.733366	0.000000
10.731840	0.000000
10.730314	0.000000
10.728788	0.000000
10.727262	0.000000
10.725736	0.000000
10.724209	0.000000
10.722683	0.000000
10.721157	0.000000
10.719631	0.000000
10.718105	0.000000
10.716579	0.000000
10.715053	0.000000
10.713527	0.000000
10.712001	0.000000
10.710475	0.000000
10.708949	0.000000
10.707423	0.000000
10.705897	0.000000
10.704371	0.000000
10.702845	0.000000
10.701319	0.000000
10.699792	0.000000
10.698266	0.000000
10.696740	0.000000
10.695214	0.000000
10.693688	0.000000
10.692162	0.000000
10.690636	0.000000
10.689110	0.000000
10.687584	0.000000
10.686058	0.000000
10.684532	0.000000
10.683006	0.000000
10.681480	0.000000
10.679954	0.000000
10.678428	0.000000
10.676901	0.000000
10.675375	0.000000
10.673849	0.000000
10.672323	0.000000
10.670797	0.000000
10.669271	0.000000
10.667745	0.000000
10.666219	0.000000
10.664693	0.000000
10.663167	0.000000
10.661641	0.000000
10.660115	0.000000
10.658589	0.000000
10.657063	0.000000
10.655537	0.000000
10.654010	0.000000
10.652484	0.000000
10.650958	0.000000
10.649432	0.000000
10.647906	0.000000
10.646380	0.000000
10.644854	0.000000
10.643328	0.000000
10.641802	0.000000
10.640276	0.000000
10.638750	0.000000
10.637224	0.000000
10.635698	0.000000
10.634172	0.000000
10.632646	0.000000
10.631120	0.000000
10.629593	0.000000
10.628067	0.000000
10.626541	0.000000
10.625015	0.000000
10.623489	0.000000
10.621963	0.000000
10.620437	0.000000
10.618911	0.000000
10.617385	0.000000
10.615859	0.000000
10.614333	0.000000
10.612807	0.000000
10.611281	0.000000
10.609755	0.000000
10.608229	0.000000
10.606702	0.000000
10.605176	0.000000
10.603650	0.000000
10.602124	0.000000
10.600598	0.000000
10.599072	0.000000
10.597546	0.000000
10.596020	0.000000
10.594494	0.000000
10.592968	0.000000
10.591442	0.000000
10.589916	0.000000
10.588390	0.000000
10.586864	0.000000
10.585338	0.000000
10.583812	0.000000
10.582285	0.000000
10.580759	0.000000
10.579233	0.000000
10.577707	0.000000
10.576181	0.000000
10.574655	0.000000
10.573129	0.000000
10.571603	0.000000
10.570077	0.000000
10.568551	0.000000
10.567025	0.000000
10.565499	0.000000
10.563973	0.000000
10.562447	0.000000
10.560921	0.000000
10.559394	0.000000
10.557868	0.000000
10.556342	0.000000
10.554816	0.000000
10.553290	0.000000
10.551764	0.000000
10.550238	0.000000
10.548712	0.000000
10.547186	0.000000
10.545660	0.000000
10.544134	0.000000
10.542608	0.000000
10.541082	0.000000
10.539556	0.000000
10.538030	0.000000
10.536503	0.000000
10.534977	0.000000
10.533451	0.000000
10.531925	0.000000
10.530399	0.000000
10.528873	0.000000
10.527347	0.000000
10.525821	0.000000
10.524295	0.000000
10.522769	0.000000
10.521243	0.000000
10.519717	0.000000
10.518191	0.000000
10.516665	0.000000
10.515139	0.000000
10.513613	0.000000
10.512086	0.000000
10.510560	0.000000
10.509034	0.000000
10.507508	0.000000
10.505982	0.000000
10.504456	0.000000
10.502930	0.000000
10.501404	0.000000
10.499878	0.000000
10.498352	0.000000
10.496826	0.000000
10.495300	0.000000
10.493774	0.000000
10.492248	0.000000
10.490722	0.000000
10.489195	0.000000
10.487669	0.000000
10.486143	0.000000
10.484617	0.000000
10.483091	0.000000
10.481565	0.000000
10.480039	0.000000
10.478513	0.000000
10.476987	0.000000
10.475461	0.000000
10.473935	0.000000
10.472409	0.000000
10.470883	0.000000
10.469357	0.000000
10.467831	0.000000
10.466304	0.000000
10.464778	0.000000
10.463252	0.000000
10.461726	0.000000
10.460200	0.000000
10.458674	0.000000
10.457148	0.000000
10.455622	0.000000
10.454096	0.000000
10.452570	0.000000
10.451044	0.000000
10.449518	0.000000
10.447992	0.000000
10.446466	0.000000
10.444940	0.000000
10.443414	0.000000
10.441887	0.000000
10.440361	0.000000
10.438835	0.000000
10.437309	0.000000
10.435783	0.000000
10.434257	0.000000
10.432731	0.000000
10.431205	0.000000
10.429679	0.000000
10.428153	0.000000
10.426627	0.000000
10.425101	0.000000
10.423575	0.000000
10.422049	0.000000
10.420523	0.000000
10.418996	0.000000
10.417470	0.000000
10.415944	0.000000
10.414418	0.000000
10.412892	0.000000
10.411366	0.000000
10.409840	0.000000
10.408314	0.000000
10.406788	0.000000
10.405262	0.000000
10.403736	0.000000
10.402210	0.000000
10.400684	0.000000
10.399158	0.000000
10.397632	0.000000
10.396105	0.000000
10.394579	0.000000
10.393053	0.000000
10.391527	0.000000
10.390001	0.000000
10.388475	0.000000
10.386949	0.000000
10.385423	0.000000
10.383897	0.000000
10.382371	0.000000
10.380845	0.000000
10.379319	0.000000
10.377793	0.000000
10.376267	0.000000
10.374741	0.000000
10.373215	0.000000
10.371688	0.000000
10.370162	0.000000
10.368636	0.000000
10.367110	0.000000
10.365584	0.000000
10.364058	0.000000
10.362532	0.000000
10.361006	0.000000
10.359480	0.000000
10.357954	0.000000
10.356428	0.000000
10.354902	0.000000
10.353376	0.000000
10.351850	0.000000
10.350324	0.000000
10.348797	0.000000
10.347271	0.000000
10.345745	0.000000
10.344219	0.000000
10.342693	0.000000
10.341167	0.000000
10.339641	0.000000
10.338115	0.000000
10.336589	0.000000
10.335063	0.000000
10.333537	0.000000
10.332011	0.000000
10.330485	0.000000
10.328959	0.000000
10.327433	0.000000
10.325906	0.000000
10.324380	0.000000
10.322854	0.000000
10.321328	0.000000
10.319802	0.000000
10.318276	0.000000
10.316750	0.000000
10.315224	0.000000
10.313698	0.000000
10.312172	0.000000
10.310646	0.000000
10.309120	0.000000
10.307594	0.000000
10.306068	0.000000
10.304542	0.000000
10.303016	0.000000
10.301489	0.000000
10.299963	0.000000
10.298437	0.000000
10.296911	0.000000
10.295385	0.000000
10.293859	0.000000
10.292333	0.000000
10.290807	0.000000
10.289281	0.000000
10.287755	0.000000
10.286229	0.000000
10.284703	0.000000
10.283177	0.000000
10.281651	0.000000
10.280125	0.000000
10.278598	0.000000
10.277072	0.000000
10.275546	0.000000
10.274020	0.000000
10.272494	0.000000
10.270968	0.000000
10.269442	0.000000
10.267916	0.000000
10.266390	0.000000
10.264864	0.000000
10.263338	0.000000
10.261812	0.000000
10.260286	0.000000
10.258760	0.000000
10.257234	0.000000
10.255707	0.000000
10.254181	0.000000
10.252655	0.000000
10.251129	0.000000
10.249603	0.000000
10.248077	0.000000
10.246551	0.000000
10.245025	0.000000
10.243499	0.000000
10.241973	0.000000
10.240447	0.000000
10.238921	0.000000
10.237395	0.000000
10.235869	0.000000
10.234343	0.000000
10.232817	0.000000
10.231290	0.000000
10.229764	0.000000
10.228238	0.000000
10.226712	0.000000
10.225186	0.000000
10.223660	0.000000
10.222134	0.000000
10.220608	0.000000
10.219082	0.000000
10.217556	0.000000
10.216030	0.000000
10.214504	0.000000
10.212978	0.000000
10.211452	0.000000
10.209926	0.000000
10.208399	0.000000
10.206873	0.000000
10.205347	0.000000
10.203821	0.000000
10.202295	0.000000
10.200769	0.000000
10.199243	0.000000
10.197717	0.000000
10.196191	0.000000
10.194665	0.000000
10.193139	0.000000
10.191613	0.000000
10.190087	0.000000
10.188561	0.000000
10.187035	0.000000
10.185508	0.000000
10.183982	0.000000
10.182456	0.000000
10.180930	0.000000
10.179404	0.000000
10.177878	0.000000
10.176352	0.000000
10.174826	0.000000
10.173300	0.000000
10.171774	0.000000
10.170248	0.000000
10.168722	0.000000
10.167196	0.000000
10.165670	0.000000
10.164144	0.000000
10.162618	0.000000
10.161091	0.000000
10.159565	0.000000
10.158039	0.000000
10.156513	0.000000
10.154987	0.000000
10.153461	0.000000
10.151935	0.000000
10.150409	0.000000
10.148883	0.000000
10.147357	0.000000
10.145831	0.000000
10.144305	0.000000
10.142779	0.000000
10.141253	0.000000
10.139727	0.000000
10.138200	0.000000
10.136674	0.000000
10.135148	0.000000
10.133622	0.000000
10.132096	0.000000
10.130570	0.000000
10.129044	0.000000
10.127518	0.000000
10.125992	0.000000
10.124466	0.000000
10.122940	0.000000
10.121414	0.000000
10.119888	0.000000
10.118362	0.000000
10.116836	0.000000
10.115309	0.000000
10.113783	0.000000
10.112257	0.000000
10.110731	0.000000
10.109205	0.000000
10.107679	0.000000
10.106153	0.000000
10.104627	0.000000
10.103101	0.000000
10.101575	0.000000
10.100049	0.000000
10.098523	0.000000
10.096997	0.000000
10.095471	0.000000
10.093945	0.000000
10.092419	0.000000
10.090892	0.000000
10.089366	0.000000
10.087840	0.000000
10.086314	0.000000
10.084788	0.000000
10.083262	0.000000
10.081736	0.000000
10.080210	0.000000
10.078684	0.000000
10.077158	0.000000
10.075632	0.000000
10.074106	0.000000
10.072580	0.000000
10.071054	0.000000
10.069528	0.000000
10.068001	0.000000
10.066475	0.000000
10.064949	0.000000
10.063423	0.000000
10.061897	0.000000
10.060371	0.000000
10.058845	0.000000
10.057319	0.000000
10.055793	0.000000
10.054267	0.000000
10.052741	0.000000
10.051215	0.000000
10.049689	0.000000
10.048163	0.000000
10.046637	0.000000
10.045110	0.000000
10.043584	0.000000
10.042058	0.000000
10.040532	0.000000
10.039006	0.000000
10.037480	0.000000
10.035954	0.000000
10.034428	0.000000
10.032902	0.000000
10.031376	0.000000
10.029850	0.000000
10.028324	0.000000
10.026798	0.000000
10.025272	0.000000
10.023746	0.000000
10.022220	0.000000
10.020693	0.000000
10.019167	0.000000
10.017641	0.000000
10.016115	0.000000
10.014589	0.000000
10.013063	0.000000
10.011537	0.000000
10.010011	0.000000
10.008485	0.000000
10.006959	0.000000
10.005433	0.000000
10.003907	0.000000
10.002381	0.000000
10.000855	0.000000
9.999329	0.000000
9.997802	0.000000
9.996276	0.000000
9.994750	0.000000
9.993224	0.000000
9.991698	0.000000
9.990172	0.000000
9.988646	0.000000
9.987120	0.000000
9.985594	0.000000
9.984068	0.000000
9.982542	0.000000
9.981016	0.000000
9.979490	0.000000
9.977964	0.000000
9.976438	0.000000
9.974911	0.000000
9.973385	0.000000
9.971859	0.000000
9.970333	0.000000
9.968807	0.000000
9.967281	0.000000
9.965755	0.000000
9.964229	0.000000
9.962703	0.000000
9.961177	0.000000
9.959651	0.000000
9.958125	0.000000
9.956599	0.000000
9.955073	0.000000
9.953547	0.000000
9.952021	0.000000
9.950494	0.000000
9.948968	0.000000
9.947442	0.000000
9.945916	0.000000
9.944390	0.000000
9.942864	0.000000
9.941338	0.000000
9.939812	0.000000
9.938286	0.000000
9.936760	0.000000
9.935234	0.000000
9.933708	0.000000
9.932182	0.000000
9.930656	0.000000
9.929130	0.000000
9.927603	0.000000
9.926077	0.000000
9.924551	0.000000
9.923025	0.000000
9.921499	0.000000
9.919973	0.000000
9.918447	0.000000
9.916921	0.000000
9.915395	0.000000
9.913869	0.000000
9.912343	0.000000
9.910817	0.000000
9.909291	0.000000
9.907765	0.000000
9.906239	0.000000
9.904712	0.000000
9.903186	0.000000
9.901660	0.000000
9.900134	0.000000
9.898608	0.000000
9.897082	0.000000
9.895556	0.000000
9.894030	0.000000
9.892504	0.000000
9.890978	0.000000
9.889452	0.000000
9.887926	0.000000
9.886400	0.000000
9.884874	0.000000
9.883348	0.000000
9.881822	0.000000
9.880295	0.000000
9.878769	0.000000
9.877243	0.000000
9.875717	0.000000
9.874191	0.000000
9.872665	0.000000
9.871139	0.000000
9.869613	0.000000
9.868087	0.000000
9.866561	0.000000
9.865035	0.000000
9.863509	0.000000
9.861983	0.000000
9.860457	0.000000
9.858931	0.000000
9.857404	0.000000
9.855878	0.000000
9.854352	0.000000
9.852826	0.000000
9.851300	0.000000
9.849774	0.000000
9.848248	0.000000
9.846722	0.000000
9.845196	0.000000
9.843670	0.000000
9.842144	0.000000
9.840618	0.000000
9.839092	0.000000
9.837566	0.000000
9.836040	0.000000
9.834513	0.000000
9.832987	0.000000
9.831461	0.000000
9.829935	0.000000
9.828409	0.000000
9.826883	0.000000
9.825357	0.000000
9.823831	0.000000
9.822305	0.000000
9.820779	0.000000
9.819253	0.000000
9.817727	0.000000
9.816201	0.000000
9.814675	0.000000
9.813149	0.000000
9.811623	0.000000
9.810096	0.000000
9.808570	0.000000
9.807044	0.000000
9.805518	0.000000
9.803992	0.000000
9.802466	0.000000
9.800940	0.000000
9.799414	0.000000
9.797888	0.000000
9.796362	0.000000
9.794836	0.000000
9.793310	0.000000
9.791784	0.000000
9.790258	0.000000
9.788732	0.000000
9.787205	0.000000
9.785679	0.000000
9.784153	0.000000
9.782627	0.000000
9.781101	0.000000
9.779575	0.000000
9.778049	0.000000
9.776523	0.000000
9.774997	0.000000
9.773471	0.000000
9.771945	0.000000
9.770419	0.000000
9.768893	0.000000
9.767367	0.000000
9.765841	0.000000
9.764314	0.000000
9.762788	0.000000
9.761262	0.000000
9.759736	0.000000
9.758210	0.000000
9.756684	0.000000
9.755158	0.000000
9.753632	0.000000
9.752106	0.000000
9.750580	0.000000
9.749054	0.000000
9.747528	0.000000
9.746002	0.000000
9.744476	0.000000
9.742950	0.000000
9.741424	0.000000
9.739897	0.000000
9.738371	0.000000
9.736845	0.000000
9.735319	0.000000
9.733793	0.000000
9.732267	0.000000
9.730741	0.000000
9.729215	0.000000
9.727689	0.000000
9.726163	0.000000
9.724637	0.000000
9.723111	0.000000
9.721585	0.000000
9.720059	0.000000
9.718533	0.000000
9.717006	0.000000
9.715480	0.000000
9.713954	0.000000
9.712428	0.000000
9.710902	0.000000
9.709376	0.000000
9.707850	0.000000
9.706324	0.000000
9.704798	0.000000
9.703272	0.000000
9.701746	0.000000
9.700220	0.000000
9.698694	0.000000
9.697168	0.000000
9.695642	0.000000
9.694115	0.000000
9.692589	0.000000
9.691063	0.000000
9.689537	0.000000
9.688011	0.000000
9.686485	0.000000
9.684959	0.000000
9.683433	0.000000
9.681907	0.000000
9.680381	0.000000
9.678855	0.000000
9.677329	0.000000
9.675803	0.000000
9.674277	0.000000
9.672751	0.000000
9.671225	0.000000
9.669698	0.000000
9.668172	0.000000
9.666646	0.000000
9.665120	0.000000
9.663594	0.000000
9.662068	0.000000
9.660542	0.000000
9.659016	0.000000
9.657490	0.000000
9.655964	0.000000
9.654438	0.000000
9.652912	0.000000
9.651386	0.000000
9.649860	0.000000
9.648334	0.000000
9.646807	0.000000
9.645281	0.000000
9.643755	0.000000
9.642229	0.000000
9.640703	0.000000
9.639177	0.000000
9.637651	0.000000
9.636125	0.000000
9.634599	0.000000
9.633073	0.000000
9.631547	0.000000
9.630021	0.000000
9.628495	0.000000
9.626969	0.000000
9.625443	0.000000
9.623916	0.000000
9.622390	0.000000
9.620864	0.000000
9.619338	0.000000
9.617812	0.000000
9.616286	0.000000
9.614760	0.000000
9.613234	0.000000
9.611708	0.000000
9.610182	0.000000
9.608656	0.000000
9.607130	0.000000
9.605604	0.000000
9.604078	0.000000
9.602552	0.000000
9.601026	0.000000
9.599499	0.000000
9.597973	0.000000
9.596447	0.000000
9.594921	0.000000
9.593395	0.000000
9.591869	0.000000
9.590343	0.000000
9.588817	0.000000
9.587291	0.000000
9.585765	0.000000
9.584239	0.000000
9.582713	0.000000
9.581187	0.000000
9.579661	0.000000
9.578135	0.000000
9.576608	0.000000
9.575082	0.000000
9.573556	0.000000
9.572030	0.000000
9.570504	0.000000
9.568978	0.000000
9.567452	0.000000
9.565926	0.000000
9.564400	0.000000
9.562874	0.000000
9.561348	0.000000
9.559822	0.000000
9.558296	0.000000
9.556770	0.000000
9.555244	0.000000
9.553717	0.000000
9.552191	0.000000
9.550665	0.000000
9.549139	0.000000
9.547613	0.000000
9.546087	0.000000
9.544561	0.000000
9.543035	0.000000
9.541509	0.000000
9.539983	0.000000
9.538457	0.000000
9.536931	0.000000
9.535405	0.000000
9.533879	0.000000
9.532353	0.000000
9.530827	0.000000
9.529300	0.000000
9.527774	0.000000
9.526248	0.000000
9.524722	0.000000
9.523196	0.000000
9.521670	0.000000
9.520144	0.000000
9.518618	0.000000
9.517092	0.000000
9.515566	0.000000
9.514040	0.000000
9.512514	0.000000
9.510988	0.000000
9.509462	0.000000
9.507936	0.000000
9.506409	0.000000
9.504883	0.000000
9.503357	0.000000
9.501831	0.000000
9.500305	0.000000
9.498779	0.000000
9.497253	0.000000
9.495727	0.000000
9.494201	0.000000
9.492675	0.000000
9.491149	0.000000
9.489623	0.000000
9.488097	0.000000
9.486571	0.000000
9.485045	0.000000
9.483518	0.000000
9.481992	0.000000
9.480466	0.000000
9.478940	0.000000
9.477414	0.000000
9.475888	0.000000
9.474362	0.000000
9.472836	0.000000
9.471310	0.000000
9.469784	0.000000
9.468258	0.000000
9.466732	0.000000
9.465206	0.000000
9.463680	0.000000
9.462154	0.000000
9.460628	0.000000
9.459101	0.000000
9.457575	0.000000
9.456049	0.000000
9.454523	0.000000
9.452997	0.000000
9.451471	0.000000
9.449945	0.000000
9.448419	0.000000
9.446893	0.000000
9.445367	0.000000
9.443841	0.000000
9.442315	0.000000
9.440789	0.000000
9.439263	0.000000
9.437737	0.000000
9.436210	0.000000
9.434684	0.000000
9.433158	0.000000
9.431632	0.000000
9.430106	0.000000
9.428580	0.000000
9.427054	0.000000
9.425528	0.000000
9.424002	0.000000
9.422476	0.000000
9.420950	0.000000
9.419424	0.000000
9.417898	0.000000
9.416372	0.000000
9.414846	0.000000
9.413319	0.000000
9.411793	0.000000
9.410267	0.000000
9.408741	0.000000
9.407215	0.000000
9.405689	0.000000
9.404163	0.000000
9.402637	0.000000
9.401111	0.000000
9.399585	0.000000
9.398059	0.000000
9.396533	0.000000
9.395007	0.000000
9.393481	0.000000
9.391955	0.000000
9.390429	0.000000
9.388902	0.000000
9.387376	0.000000
9.385850	0.000000
9.384324	0.000000
9.382798	0.000000
9.381272	0.000000
9.379746	0.000000
9.378220	0.000000
9.376694	0.000000
9.375168	0.000000
9.373642	0.000000
9.372116	0.000000
9.370590	0.000000
9.369064	0.000000
9.367538	0.000000
9.366011	0.000000
9.364485	0.000000
9.362959	0.000000
9.361433	0.000000
9.359907	0.000000
9.358381	0.000000
9.356855	0.000000
9.355329	0.000000
9.353803	0.000000
9.352277	0.000000
9.350751	0.000000
9.349225	0.000000
9.347699	0.000000
9.346173	0.000000
9.344647	0.000000
9.343120	0.000000
9.341594	0.000000
9.340068	0.000000
9.338542	0.000000
9.337016	0.000000
9.335490	0.000000
9.333964	0.000000
9.332438	0.000000
9.330912	0.000000
9.329386	0.000000
9.327860	0.000000
9.326334	0.000000
9.324808	0.000000
9.323282	0.000000
9.321756	0.000000
9.320230	0.000000
9.318703	0.000000
9.317177	0.000000
9.315651	0.000000
9.314125	0.000000
9.312599	0.000000
9.311073	0.000000
9.309547	0.000000
9.308021	0.000000
9.306495	0.000000
9.304969	0.000000
9.303443	0.000000
9.301917	0.000000
9.300391	0.000000
9.298865	0.000000
9.297339	0.000000
9.295812	0.000000
9.294286	0.000000
9.292760	0.000000
9.291234	0.000000
9.289708	0.000000
9.288182	0.000000
9.286656	0.000000
9.285130	0.000000
9.283604	0.000000
9.282078	0.000000
9.280552	0.000000
9.279026	0.000000
9.277500	0.000000
9.275974	0.000000
9.274448	0.000000
9.272921	0.000000
9.271395	0.000000
9.269869	0.000000
9.268343	0.000000
9.266817	0.000000
9.265291	0.000000
9.263765	0.000000
9.262239	0.000000
9.260713	0.000000
9.259187	0.000000
9.257661	0.000000
9.256135	0.000000
9.254609	0.000000
9.253083	0.000000
9.251557	0.000000
9.250031	0.000000
9.248504	0.000000
9.246978	0.000000
9.245452	0.000000
9.243926	0.000000
9.242400	0.000000
9.240874	0.000000
9.239348	0.000000
9.237822	0.000000
9.236296	0.000000
9.234770	0.000000
9.233244	0.000000
9.231718	0.000000
9.230192	0.000000
9.228666	0.000000
9.227140	0.000000
9.225613	0.000000
9.224087	0.000000
9.222561	0.000000
9.221035	0.000000
9.219509	0.000000
9.217983	0.000000
9.216457	0.000000
9.214931	0.000000
9.213405	0.000000
9.211879	0.000000
9.210353	0.000000
9.208827	0.000000
9.207301	0.000000
9.205775	0.000000
9.204249	0.000000
9.202723	0.000000
9.201196	0.000000
9.199670	0.000000
9.198144	0.000000
9.196618	0.000000
9.195092	0.000000
9.193566	0.000000
9.192040	0.000000
9.190514	0.000000
9.188988	0.000000
9.187462	0.000000
9.185936	0.000000
9.184410	0.000000
9.182884	0.000000
9.181358	0.000000
9.179832	0.000000
9.178305	0.000000
9.176779	0.000000
9.175253	0.000000
9.173727	0.000000
9.172201	0.000000
9.170675	0.000000
9.169149	0.000000
9.167623	0.000000
9.166097	0.000000
9.164571	0.000000
9.163045	0.000000
9.161519	0.000000
9.159993	0.000000
9.158467	0.000000
9.156941	0.000000
9.155414	0.000000
9.153888	0.000000
9.152362	0.000000
9.150836	0.000000
9.149310	0.000000
9.147784	0.000000
9.146258	0.000000
9.144732	0.000000
9.143206	0.000000
9.141680	0.000000
9.140154	0.000000
9.138628	0.000000
9.137102	0.000000
9.135576	0.000000
9.134050	0.000000
9.132524	0.000000
9.130997	0.000000
9.129471	0.000000
9.127945	0.000000
9.126419	0.000000
9.124893	0.000000
9.123367	0.000000
9.121841	0.000000
9.120315	0.000000
9.118789	0.000000
9.117263	0.000000
9.115737	0.000000
9.114211	0.000000
9.112685	0.000000
9.111159	0.000000
9.109633	0.000000
9.108106	0.000000
9.106580	0.000000
9.105054	0.000000
9.103528	0.000000
9.102002	0.000000
9.100476	0.000000
9.098950	0.000000
9.097424	0.000000
9.095898	0.000000
9.094372	0.000000
9.092846	0.000000
9.091320	0.000000
9.089794	0.000000
9.088268	0.000000
9.086742	0.000000
9.085215	0.000000
9.083689	0.000000
9.082163	0.000000
9.080637	0.000000
9.079111	0.000000
9.077585	0.000000
9.076059	0.000000
9.074533	0.000000
9.073007	0.000000
9.071481	0.000000
9.069955	0.000000
9.068429	0.000000
9.066903	0.000000
9.065377	0.000000
9.063851	0.000000
9.062325	0.000000
9.060798	0.000000
9.059272	0.000000
9.057746	0.000000
9.056220	0.000000
9.054694	0.000000
9.053168	0.000000
9.051642	0.000000
9.050116	0.000000
9.048590	0.000000
9.047064	0.000000
9.045538	0.000000
9.044012	0.000000
9.042486	0.000000
9.040960	0.000000
9.039434	0.000000
9.037907	0.000000
9.036381	0.000000
9.034855	0.000000
9.033329	0.000000
9.031803	0.000000
9.030277	0.000000
9.028751	0.000000
9.027225	0.000000
9.025699	0.000000
9.024173	0.000000
9.022647	0.000000
9.021121	0.000000
9.019595	0.000000
9.018069	0.000000
9.016543	0.000000
9.015016	0.000000
9.013490	0.000000
9.011964	0.000000
9.010438	0.000000
9.008912	0.000000
9.007386	0.000000
9.005860	0.000000
9.004334	0.000000
9.002808	0.000000
9.001282	0.000000
8.999756	0.000000
8.998230	0.000000
8.996704	0.000000
8.995178	0.000000
8.993652	0.000000
8.992126	0.000000
8.990599	0.000000
8.989073	0.000000
8.987547	0.000000
8.986021	0.000000
8.984495	0.000000
8.982969	0.000000
8.981443	0.000000
8.979917	0.000000
8.978391	0.000000
8.976865	0.000000
8.975339	0.000000
8.973813	0.000000
8.972287	0.000000
8.970761	0.000000
8.969235	0.000000
8.967708	0.000000
8.966182	0.000000
8.964656	0.000000
8.963130	0.000000
8.961604	0.000000
8.960078	0.000000
8.958552	0.000000
8.957026	0.000000
8.955500	0.000000
8.953974	0.000000
8.952448	0.000000
8.950922	0.000000
8.949396	0.000000
8.947870	0.000000
8.946344	0.000000
8.944817	0.000000
8.943291	0.000000
8.941765	0.000000
8.940239	0.000000
8.938713	0.000000
8.937187	0.000000
8.935661	0.000000
8.934135	0.000000
8.932609	0.000000
8.931083	0.000000
8.929557	0.000000
8.928031	0.000000
8.926505	0.000000
8.924979	0.000000
8.923453	0.000000
8.921927	0.000000
8.920400	0.000000
8.918874	0.000000
8.917348	0.000000
8.915822	0.000000
8.914296	0.000000
8.912770	0.000000
8.911244	0.000000
8.909718	0.000000
8.908192	0.000000
8.906666	0.000000
8.905140	0.000000
8.903614	0.000000
8.902088	0.000000
8.900562	0.000000
8.899036	0.000000
8.897509	0.000000
8.895983	0.000000
8.894457	0.000000
8.892931	0.000000
8.891405	0.000000
8.889879	0.000000
8.888353	0.000000
8.886827	0.000000
8.885301	0.000000
8.883775	0.000000
8.882249	0.000000
8.880723	0.000000
8.879197	0.000000
8.877671	0.000000
8.876145	0.000000
8.874618	0.000000
8.873092	0.000000
8.871566	0.000000
8.870040	0.000000
8.868514	0.000000
8.866988	0.000000
8.865462	0.000000
8.863936	0.000000
8.862410	0.000000
8.860884	0.000000
8.859358	0.000000
8.857832	0.000000
8.856306	0.000000
8.854780	0.000000
8.853254	0.000000
8.851728	0.000000
8.850201	0.000000
8.848675	0.000000
8.847149	0.000000
8.845623	0.000000
8.844097	0.000000
8.842571	0.000000
8.841045	0.000000
8.839519	0.000000
8.837993	0.000000
8.836467	0.000000
8.834941	0.000000
8.833415	0.000000
8.831889	0.000000
8.830363	0.000000
8.828837	0.000000
8.827310	0.000000
8.825784	0.000000
8.824258	0.000000
8.822732	0.000000
8.821206	0.000000
8.819680	0.000000
8.818154	0.000000
8.816628	0.000000
8.815102	0.000000
8.813576	0.000000
8.812050	0.000000
8.810524	0.000000
8.808998	0.000000
8.807472	0.000000
8.805946	0.000000
8.804419	0.000000
8.802893	0.000000
8.801367	0.000000
8.799841	0.000000
8.798315	0.000000
8.796789	0.000000
8.795263	0.000000
8.793737	0.000000
8.792211	0.000000
8.790685	0.000000
8.789159	0.000000
8.787633	0.000000
8.786107	0.000000
8.784581	0.000000
8.783055	0.000000
8.781529	0.000000
8.780002	0.000000
8.778476	0.000000
8.776950	0.000000
8.775424	0.000000
8.773898	0.000000
8.772372	0.000000
8.770846	0.000000
8.769320	0.000000
8.767794	0.000000
8.766268	0.000000
8.764742	0.000000
8.763216	0.000000
8.761690	0.000000
8.760164	0.000000
8.758638	0.000000
8.757111	0.000000
8.755585	0.000000
8.754059	0.000000
8.752533	0.000000
8.751007	0.000000
8.749481	0.000000
8.747955	0.000000
8.746429	0.000000
8.744903	0.000000
8.743377	0.000000
8.741851	0.000000
8.740325	0.000000
8.738799	0.000000
8.737273	0.000000
8.735747	0.000000
8.734220	0.000000
8.732694	0.000000
8.731168	0.000000
8.729642	0.000000
8.728116	0.000000
8.726590	0.000000
8.725064	0.000000
8.723538	0.000000
8.722012	0.000000
8.720486	0.000000
8.718960	0.000000
8.717434	0.000000
8.715908	0.000000
8.714382	0.000000
8.712856	0.000000
8.711330	0.000000
8.709803	0.000000
8.708277	0.000000
8.706751	0.000000
8.705225	0.000000
8.703699	0.000000
8.702173	0.000000
8.700647	0.000000
8.699121	0.000000
8.697595	0.000000
8.696069	0.000000
8.694543	0.000000
8.693017	0.000000
8.691491	0.000000
8.689965	0.000000
8.688439	0.000000
8.686912	0.000000
8.685386	0.000000
8.683860	0.000000
8.682334	0.000000
8.680808	0.000000
8.679282	0.000000
8.677756	0.000000
8.676230	0.000000
8.674704	0.000000
8.673178	0.000000
8.671652	0.000000
8.670126	0.000000
8.668600	0.000000
8.667074	0.000000
8.665548	0.000000
8.664021	0.000000
8.662495	0.000000
8.660969	0.000000
8.659443	0.000000
8.657917	0.000000
8.656391	0.000000
8.654865	0.000000
8.653339	0.000000
8.651813	0.000000
8.650287	0.000000
8.648761	0.000000
8.647235	0.000000
8.645709	0.000000
8.644183	0.000000
8.642657	0.000000
8.641131	0.000000
8.639604	0.000000
8.638078	0.000000
8.636552	0.000000
8.635026	0.000000
8.633500	0.000000
8.631974	0.000000
8.630448	0.000000
8.628922	0.000000
8.627396	0.000000
8.625870	0.000000
8.624344	0.000000
8.622818	0.000000
8.621292	0.000000
8.619766	0.000000
8.618240	0.000000
8.616713	0.000000
8.615187	0.000000
8.613661	0.000000
8.612135	0.000000
8.610609	0.000000
8.609083	0.000000
8.607557	0.000000
8.606031	0.000000
8.604505	0.000000
8.602979	0.000000
8.601453	0.000000
8.599927	0.000000
8.598401	0.000000
8.596875	0.000000
8.595349	0.000000
8.593822	0.000000
8.592296	0.000000
8.590770	0.000000
8.589244	0.000000
8.587718	0.000000
8.586192	0.000000
8.584666	0.000000
8.583140	0.000000
8.581614	0.000000
8.580088	0.000000
8.578562	0.000000
8.577036	0.000000
8.575510	0.000000
8.573984	0.000000
8.572458	0.000000
8.570932	0.000000
8.569405	0.000000
8.567879	0.000000
8.566353	0.000000
8.564827	0.000000
8.563301	0.000000
8.561775	0.000000
8.560249	0.000000
8.558723	0.000000
8.557197	0.000000
8.555671	0.000000
8.554145	0.000000
8.552619	0.000000
8.551093	0.000000
8.549567	0.000000
8.548041	0.000000
8.546514	0.000000
8.544988	0.000000
8.543462	0.000000
8.541936	0.000000
8.540410	0.000000
8.538884	0.000000
8.537358	0.000000
8.535832	0.000000
8.534306	0.000000
8.532780	0.000000
8.531254	0.000000
8.529728	0.000000
8.528202	0.000000
8.526676	0.000000
8.525150	0.000000
8.523623	0.000000
8.522097	0.000000
8.520571	0.000000
8.519045	0.000000
8.517519	0.000000
8.515993	0.000000
8.514467	0.000000
8.512941	0.000000
8.511415	0.000000
8.509889	0.000000
8.508363	0.000000
8.506837	0.000000
8.505311	0.000000
8.503785	0.000000
8.502259	0.000000
8.500733	0.000000
8.499206	0.000000
8.497680	0.000000
8.496154	0.000000
8.494628	0.000000
8.493102	0.000000
8.491576	0.000000
8.490050	0.000000
8.488524	0.000000
8.486998	0.000000
8.485472	0.000000
8.483946	0.000000
8.482420	0.000000
8.480894	0.000000
8.479368	0.000000
8.477842	0.000000
8.476315	0.000000
8.474789	0.000000
8.473263	0.000000
8.471737	0.000000
8.470211	0.000000
8.468685	0.000000
8.467159	0.000000
8.465633	0.000000
8.464107	0.000000
8.462581	0.000000
8.461055	0.000000
8.459529	0.000000
8.458003	0.000000
8.456477	0.000000
8.454951	0.000000
8.453424	0.000000
8.451898	0.000000
8.450372	0.000000
8.448846	0.000000
8.447320	0.000000
8.445794	0.000000
8.444268	0.000000
8.442742	0.000000
8.441216	0.000000
8.439690	0.000000
8.438164	0.000000
8.436638	0.000000
8.435112	0.000000
8.433586	0.000000
8.432060	0.000000
8.430534	0.000000
8.429007	0.000000
8.427481	0.000000
8.425955	0.000000
8.424429	0.000000
8.422903	0.000000
8.421377	0.000000
8.419851	0.000000
8.418325	0.000000
8.416799	0.000000
8.415273	0.000000
8.413747	0.000000
8.412221	0.000000
8.410695	0.000000
8.409169	0.000000
8.407643	0.000000
8.406116	0.000000
8.404590	0.000000
8.403064	0.000000
8.401538	0.000000
8.400012	0.000000
8.398486	0.000000
8.396960	0.000000
8.395434	0.000000
8.393908	0.000000
8.392382	0.000000
8.390856	0.000000
8.389330	0.000000
8.387804	0.000000
8.386278	0.000000
8.384752	0.000000
8.383225	0.000000
8.381699	0.000000
8.380173	0.000000
8.378647	0.000000
8.377121	0.000000
8.375595	0.000000
8.374069	0.000000
8.372543	0.000000
8.371017	0.000000
8.369491	0.000000
8.367965	0.000000
8.366439	0.000000
8.364913	0.000000
8.363387	0.000000
8.361861	0.000000
8.360335	0.000000
8.358808	0.000000
8.357282	0.000000
8.355756	0.000000
8.354230	0.000000
8.352704	0.000000
8.351178	0.000000
8.349652	0.000000
8.348126	0.000000
8.346600	0.000000
8.345074	0.000000
8.343548	0.000000
8.342022	0.000000
8.340496	0.000000
8.338970	0.000000
8.337444	0.000000
8.335917	0.000000
8.334391	0.000000
8.332865	0.000000
8.331339	0.000000
8.329813	0.000000
8.328287	0.000000
8.326761	0.000000
8.325235	0.000000
8.323709	0.000000
8.322183	0.000000
8.320657	0.000000
8.319131	0.000000
8.317605	0.000000
8.316079	0.000000
8.314553	0.000000
8.313026	0.000000
8.311500	0.000000
8.309974	0.000000
8.308448	0.000000
8.306922	0.000000
8.305396	0.000000
8.303870	0.000000
8.302344	0.000000
8.300818	0.000000
8.299292	0.000000
8.297766	0.000000
8.296240	0.000000
8.294714	0.000000
8.293188	0.000000
8.291662	0.000000
8.290136	0.000000
8.288609	0.000000
8.287083	0.000000
8.285557	0.000000
8.284031	0.000000
8.282505	0.000000
8.280979	0.000000
8.279453	0.000000
8.277927	0.000000
8.276401	0.000000
8.274875	0.000000
8.273349	0.000000
8.271823	0.000000
8.270297	0.000000
8.268771	0.000000
8.267245	0.000000
8.265718	0.000000
8.264192	0.000000
8.262666	0.000000
8.261140	0.000000
8.259614	0.000000
8.258088	0.000000
8.256562	0.000000
8.255036	0.000000
8.253510	0.000000
8.251984	0.000000
8.250458	0.000000
8.248932	0.000000
8.247406	0.000000
8.245880	0.000000
8.244354	0.000000
8.242827	0.000000
8.241301	0.000000
8.239775	0.000000
8.238249	0.000000
8.236723	0.000000
8.235197	0.000000
8.233671	0.000000
8.232145	0.000000
8.230619	0.000000
8.229093	0.000000
8.227567	0.000000
8.226041	0.000000
8.224515	0.000000
8.222989	0.000000
8.221463	0.000000
8.219937	0.000000
8.218410	0.000000
8.216884	0.000000
8.215358	0.000000
8.213832	0.000000
8.212306	0.000000
8.210780	0.000000
8.209254	0.000000
8.207728	0.000000
8.206202	0.000000
8.204676	0.000000
8.203150	0.000000
8.201624	0.000000
8.200098	0.000000
8.198572	0.000000
8.197046	0.000000
8.195519	0.000000
8.193993	0.000000
8.192467	0.000000
8.190941	0.000000
8.189415	0.000000
8.187889	0.000000
8.186363	0.000000
8.184837	0.000000
8.183311	0.000000
8.181785	0.000000
8.180259	0.000000
8.178733	0.000000
8.177207	0.000000
8.175681	0.000000
8.174155	0.000000
8.172628	0.000000
8.171102	0.000000
8.169576	0.000000
8.168050	0.000000
8.166524	0.000000
8.164998	0.000000
8.163472	0.000000
8.161946	0.000000
8.160420	0.000000
8.158894	0.000000
8.157368	0.000000
8.155842	0.000000
8.154316	0.000000
8.152790	0.000000
8.151264	0.000000
8.149738	0.000000
8.148211	0.000000
8.146685	0.000000
8.145159	0.000000
8.143633	0.000000
8.142107	0.000000
8.140581	0.000000
8.139055	0.000000
8.137529	0.000000
8.136003	0.000000
8.134477	0.000000
8.132951	0.000000
8.131425	0.000000
8.129899	0.000000
8.128373	0.000000
8.126847	0.000000
8.125320	0.000000
8.123794	0.000000
8.122268	0.000000
8.120742	0.000000
8.119216	0.000000
8.117690	0.000000
8.116164	0.000000
8.114638	0.000000
8.113112	0.000000
8.111586	0.000000
8.110060	0.000000
8.108534	0.000000
8.107008	0.000000
8.105482	0.000000
8.103956	0.000000
8.102429	0.000000
8.100903	0.000000
8.099377	0.000000
8.097851	0.000000
8.096325	0.000000
8.094799	0.000000
8.093273	0.000000
8.091747	0.000000
8.090221	0.000000
8.088695	0.000000
8.087169	0.000000
8.085643	0.000000
8.084117	0.000000
8.082591	0.000000
8.081065	0.000000
8.079539	0.000000
8.078012	0.000000
8.076486	0.000000
8.074960	0.000000
8.073434	0.000000
8.071908	0.000000
8.070382	0.000000
8.068856	0.000000
8.067330	0.000000
8.065804	0.000000
8.064278	0.000000
8.062752	0.000000
8.061226	0.000000
8.059700	0.000000
8.058174	0.000000
8.056648	0.000000
8.055121	0.000000
8.053595	0.000000
8.052069	0.000000
8.050543	0.000000
8.049017	0.000000
8.047491	0.000000
8.045965	0.000000
8.044439	0.000000
8.042913	0.000000
8.041387	0.000000
8.039861	0.000000
8.038335	0.000000
8.036809	0.000000
8.035283	0.000000
8.033757	0.000000
8.032230	0.000000
8.030704	0.000000
8.029178	0.000000
8.027652	0.000000
8.026126	0.000000
8.024600	0.000000
8.023074	0.000000
8.021548	0.000000
8.020022	0.000000
8.018496	0.000000
8.016970	0.000000
8.015444	0.000000
8.013918	0.000000
8.012392	0.000000
8.010866	0.000000
8.009340	0.000000
8.007813	0.000000
8.006287	0.000000
8.004761	0.000000
8.003235	0.000000
8.001709	0.000000
8.000183	0.000000
7.998657	0.000000
7.997131	0.000000
7.995605	0.000000
7.994079	0.000000
7.992553	0.000000
7.991027	0.000000
7.989501	0.000000
7.987975	0.000000
7.986449	0.000000
7.984922	0.000000
7.983396	0.000000
7.981870	0.000000
7.980344	0.000000
7.978818	0.000000
7.977292	0.000000
7.975766	0.000000
7.974240	0.000000
7.972714	0.000000
7.971188	0.000000
7.969662	0.000000
7.968136	0.000000
7.966610	0.000000
7.965084	0.000000
7.963558	0.000000
7.962031	0.000000
7.960505	0.000000
7.958979	0.000000
7.957453	0.000000
7.955927	0.000000
7.954401	0.000000
7.952875	0.000000
7.951349	0.000000
7.949823	0.000000
7.948297	0.000000
7.946771	0.000000
7.945245	0.000000
7.943719	0.000000
7.942193	0.000000
7.940667	0.000000
7.939141	0.000000
7.937614	0.000000
7.936088	0.000000
7.934562	0.000000
7.933036	0.000000
7.931510	0.000000
7.929984	0.000000
7.928458	0.000000
7.926932	0.000000
7.925406	0.000000
7.923880	0.000000
7.922354	0.000000
7.920828	0.000000
7.919302	0.000000
7.917776	0.000000
7.916250	0.000000
7.914723	0.000000
7.913197	0.000000
7.911671	0.000000
7.910145	0.000000
7.908619	0.000000
7.907093	0.000000
7.905567	0.000000
7.904041	0.000000
7.902515	0.000000
7.900989	0.000000
7.899463	0.000000
7.897937	0.000000
7.896411	0.000000
7.894885	0.000000
7.893359	0.000000
7.891832	0.000000
7.890306	0.000000
7.888780	0.000000
7.887254	0.000000
7.885728	0.000000
7.884202	0.000000
7.882676	0.000000
7.881150	0.000000
7.879624	0.000000
7.878098	0.000000
7.876572	0.000000
7.875046	0.000000
7.873520	0.000000
7.871994	0.000000
7.870468	0.000000
7.868942	0.000000
7.867415	0.000000
7.865889	0.000000
7.864363	0.000000
7.862837	0.000000
7.861311	0.000000
7.859785	0.000000
7.858259	0.000000
7.856733	0.000000
7.855207	0.000000
7.853681	0.000000
7.852155	0.000000
7.850629	0.000000
7.849103	0.000000
7.847577	0.000000
7.846051	0.000000
7.844524	0.000000
7.842998	0.000000
7.841472	0.000000
7.839946	0.000000
7.838420	0.000000
7.836894	0.000000
7.835368	0.000000
7.833842	0.000000
7.832316	0.000000
7.830790	0.000000
7.829264	0.000000
7.827738	0.000000
7.826212	0.000000
7.824686	0.000000
7.823160	0.000000
7.821634	0.000000
7.820107	0.000000
7.818581	0.000000
7.817055	0.000000
7.815529	0.000000
7.814003	0.000000
7.812477	0.000000
7.810951	0.000000
7.809425	0.000000
7.807899	0.000000
7.806373	0.000000
7.804847	0.000000
7.803321	0.000000
7.801795	0.000000
7.800269	0.000000
7.798743	0.000000
7.797216	0.000000
7.795690	0.000000
7.794164	0.000000
7.792638	0.000000
7.791112	0.000000
7.789586	0.000000
7.788060	0.000000
7.786534	0.000000
7.785008	0.000000
7.783482	0.000000
7.781956	0.000000
7.780430	0.000000
7.778904	0.000000
7.777378	0.000000
7.775852	0.000000
7.774325	0.000000
7.772799	0.000000
7.771273	0.000000
7.769747	0.000000
7.768221	0.000000
7.766695	0.000000
7.765169	0.000000
7.763643	0.000000
7.762117	0.000000
7.760591	0.000000
7.759065	0.000000
7.757539	0.000000
7.756013	0.000000
7.754487	0.000000
7.752961	0.000000
7.751435	0.000000
7.749908	0.000000
7.748382	0.000000
7.746856	0.000000
7.745330	0.000000
7.743804	0.000000
7.742278	0.000000
7.740752	0.000000
7.739226	0.000000
7.737700	0.000000
7.736174	0.000000
7.734648	0.000000
7.733122	0.000000
7.731596	0.000000
7.730070	0.000000
7.728544	0.000000
7.727017	0.000000
7.725491	0.000000
7.723965	0.000000
7.722439	0.000000
7.720913	0.000000
7.719387	0.000000
7.717861	0.000000
7.716335	0.000000
7.714809	0.000000
7.713283	0.000000
7.711757	0.000000
7.710231	0.000000
7.708705	0.000000
7.707179	0.000000
7.705653	0.000000
7.704126	0.000000
7.702600	0.000000
7.701074	0.000000
7.699548	0.000000
7.698022	0.000000
7.696496	0.000000
7.694970	0.000000
7.693444	0.000000
7.691918	0.000000
7.690392	0.000000
7.688866	0.000000
7.687340	0.000000
7.685814	0.000000
7.684288	0.000000
7.682762	0.000000
7.681236	0.000000
7.679709	0.000000
7.678183	0.000000
7.676657	0.000000
7.675131	0.000000
7.673605	0.000000
7.672079	0.000000
7.670553	0.000000
7.669027	0.000000
7.667501	0.000000
7.665975	0.000000
7.664449	0.000000
7.662923	0.000000
7.661397	0.000000
7.659871	0.000000
7.658345	0.000000
7.656818	0.000000
7.655292	0.000000
7.653766	0.000000
7.652240	0.000000
7.650714	0.000000
7.649188	0.000000
7.647662	0.000000
7.646136	0.000000
7.644610	0.000000
7.643084	0.000000
7.641558	0.000000
7.640032	0.000000
7.638506	0.000000
7.636980	0.000000
7.635454	0.000000
7.633927	0.000000
7.632401	0.000000
7.630875	0.000000
7.629349	0.000000
7.627823	0.000000
7.626297	0.000000
7.624771	0.000000
7.623245	0.000000
7.621719	0.000000
7.620193	0.000000
7.618667	0.000000
7.617141	0.000000
7.615615	0.000000
7.614089	0.000000
7.612563	0.000000
7.611037	0.000000
7.609510	0.000000
7.607984	0.000000
7.606458	0.000000
7.604932	0.000000
7.603406	0.000000
7.601880	0.000000
7.600354	0.000000
7.598828	0.000000
7.597302	0.000000
7.595776	0.000000
7.594250	0.000000
7.592724	0.000000
7.591198	0.000000
7.589672	0.000000
7.588146	0.000000
7.586619	0.000000
7.585093	0.000000
7.583567	0.000000
7.582041	0.000000
7.580515	0.000000
7.578989	0.000000
7.577463	0.000000
7.575937	0.000000
7.574411	0.000000
7.572885	0.000000
7.571359	0.000000
7.569833	0.000000
7.568307	0.000000
7.566781	0.000000
7.565255	0.000000
7.563728	0.000000
7.562202	0.000000
7.560676	0.000000
7.559150	0.000000
7.557624	0.000000
7.556098	0.000000
7.554572	0.000000
7.553046	0.000000
7.551520	0.000000
7.549994	0.000000
7.548468	0.000000
7.546942	0.000000
7.545416	0.000000
7.543890	0.000000
7.542364	0.000000
7.540838	0.000000
7.539311	0.000000
7.537785	0.000000
7.536259	0.000000
7.534733	0.000000
7.533207	0.000000
7.531681	0.000000
7.530155	0.000000
7.528629	0.000000
7.527103	0.000000
7.525577	0.000000
7.524051	0.000000
7.522525	0.000000
7.520999	0.000000
7.519473	0.000000
7.517947	0.000000
7.516420	0.000000
7.514894	0.000000
7.513368	0.000000
7.511842	0.000000
7.510316	0.000000
7.508790	0.000000
7.507264	0.000000
7.505738	0.000000
7.504212	0.000000
7.502686	0.000000
7.501160	0.000000
7.499634	0.000000
7.498108	0.000000
7.496582	0.000000
7.495056	0.000000
7.493529	0.000000
7.492003	0.000000
7.490477	0.000000
7.488951	0.000000
7.487425	0.000000
7.485899	0.000000
7.484373	0.000000
7.482847	0.000000
7.481321	0.000000
7.479795	0.000000
7.478269	0.000000
7.476743	0.000000
7.475217	0.000000
7.473691	0.000000
7.472165	0.000000
7.470639	0.000000
7.469112	0.000000
7.467586	0.000000
7.466060	0.000000
7.464534	0.000000
7.463008	0.000000
7.461482	0.000000
7.459956	0.000000
7.458430	0.000000
7.456904	0.000000
7.455378	0.000000
7.453852	0.000000
7.452326	0.000000
7.450800	0.000000
7.449274	0.000000
7.447748	0.000000
7.446221	0.000000
7.444695	0.000000
7.443169	0.000000
7.441643	0.000000
7.440117	0.000000
7.438591	0.000000
7.437065	0.000000
7.435539	0.000000
7.434013	0.000000
7.432487	0.000000
7.430961	0.000000
7.429435	0.000000
7.427909	0.000000
7.426383	0.000000
7.424857	0.000000
7.423330	0.000000
7.421804	0.000000
7.420278	0.000000
7.418752	0.000000
7.417226	0.000000
7.415700	0.000000
7.414174	0.000000
7.412648	0.000000
7.411122	0.000000
7.409596	0.000000
7.408070	0.000000
7.406544	0.000000
7.405018	0.000000
7.403492	0.000000
7.401966	0.000000
7.400440	0.000000
7.398913	0.000000
7.397387	0.000000
7.395861	0.000000
7.394335	0.000000
7.392809	0.000000
7.391283	0.000000
7.389757	0.000000
7.388231	0.000000
7.386705	0.000000
7.385179	0.000000
7.383653	0.000000
7.382127	0.000000
7.380601	0.000000
7.379075	0.000000
7.377549	0.000000
7.376022	0.000000
7.374496	0.000000
7.372970	0.000000
7.371444	0.000000
7.369918	0.000000
7.368392	0.000000
7.366866	0.000000
7.365340	0.000000
7.363814	0.000000
7.362288	0.000000
7.360762	0.000000
7.359236	0.000000
7.357710	0.000000
7.356184	0.000000
7.354658	0.000000
7.353131	0.000000
7.351605	0.000000
7.350079	0.000000
7.348553	0.000000
7.347027	0.000000
7.345501	0.000000
7.343975	0.000000
7.342449	0.000000
7.340923	0.000000
7.339397	0.000000
7.337871	0.000000
7.336345	0.000000
7.334819	0.000000
7.333293	0.000000
7.331767	0.000000
7.330241	0.000000
7.328714	0.000000
7.327188	0.000000
7.325662	0.000000
7.324136	0.000000
7.322610	0.000000
7.321084	0.000000
7.319558	0.000000
7.318032	0.000000
7.316506	0.000000
7.314980	0.000000
7.313454	0.000000
7.311928	0.000000
7.310402	0.000000
7.308876	0.000000
7.307350	0.000000
7.305823	0.000000
7.304297	0.000000
7.302771	0.000000
7.301245	0.000000
7.299719	0.000000
7.298193	0.000000
7.296667	0.000000
7.295141	0.000000
7.293615	0.000000
7.292089	0.000000
7.290563	0.000000
7.289037	0.000000
7.287511	0.000000
7.285985	0.000000
7.284459	0.000000
7.282932	0.000000
7.281406	0.000000
7.279880	0.000000
7.278354	0.000000
7.276828	0.000000
7.275302	0.000000
7.273776	0.000000
7.272250	0.000000
7.270724	0.000000
7.269198	0.000000
7.267672	0.000000
7.266146	0.000000
7.264620	0.000000
7.263094	0.000000
7.261568	0.000000
7.260042	0.000000
7.258515	0.000000
7.256989	0.000000
7.255463	0.000000
7.253937	0.000000
7.252411	0.000000
7.250885	0.000000
7.249359	0.000000
7.247833	0.000000
7.246307	0.000000
7.244781	0.000000
7.243255	0.000000
7.241729	0.000000
7.240203	0.000000
7.238677	0.000000
7.237151	0.000000
7.235624	0.000000
7.234098	0.000000
7.232572	0.000000
7.231046	0.000000
7.229520	0.000000
7.227994	0.000000
7.226468	0.000000
7.224942	0.000000
7.223416	0.000000
7.221890	0.000000
7.220364	0.000000
7.218838	0.000000
7.217312	0.000000
7.215786	0.000000
7.214260	0.000000
7.212733	0.000000
7.211207	0.000000
7.209681	0.000000
7.208155	0.000000
7.206629	0.000000
7.205103	0.000000
7.203577	0.000000
7.202051	0.000000
7.200525	0.000000
7.198999	0.000000
7.197473	0.000000
7.195947	0.000000
7.194421	0.000000
7.192895	0.000000
7.191369	0.000000
7.189843	0.000000
7.188316	0.000000
7.186790	0.000000
7.185264	0.000000
7.183738	0.000000
7.182212	0.000000
7.180686	0.000000
7.179160	0.000000
7.177634	0.000000
7.176108	0.000000
7.174582	0.000000
7.173056	0.000000
7.171530	0.000000
7.170004	0.000000
7.168478	0.000000
7.166952	0.000000
7.165425	0.000000
7.163899	0.000000
7.162373	0.000000
7.160847	0.000000
7.159321	0.000000
7.157795	0.000000
7.156269	0.000000
7.154743	0.000000
7.153217	0.000000
7.151691	0.000000
7.150165	0.000000
7.148639	0.000000
7.147113	0.000000
7.145587	0.000000
7.144061	0.000000
7.142534	0.000000
7.141008	0.000000
7.139482	0.000000
7.137956	0.000000
7.136430	0.000000
7.134904	0.000000
7.133378	0.000000
7.131852	0.000000
7.130326	0.000000
7.128800	0.000000
7.127274	0.000000
7.125748	0.000000
7.124222	0.000000
7.122696	0.000000
7.121170	0.000000
7.119644	0.000000
7.118117	0.000000
7.116591	0.000000
7.115065	0.000000
7.113539	0.000000
7.112013	0.000000
7.110487	0.000000
7.108961	0.000000
7.107435	0.000000
7.105909	0.000000
7.104383	0.000000
7.102857	0.000000
7.101331	0.000000
7.099805	0.000000
7.098279	0.000000
7.096753	0.000000
7.095226	0.000000
7.093700	0.000000
7.092174	0.000000
7.090648	0.000000
7.089122	0.000000
7.087596	0.000000
7.086070	0.000000
7.084544	0.000000
7.083018	0.000000
7.081492	0.000000
7.079966	0.000000
7.078440	0.000000
7.076914	0.000000
7.075388	0.000000
7.073862	0.000000
7.072335	0.000000
7.070809	0.000000
7.069283	0.000000
7.067757	0.000000
7.066231	0.000000
7.064705	0.000000
7.063179	0.000000
7.061653	0.000000
7.060127	0.000000
7.058601	0.000000
7.057075	0.000000
7.055549	0.000000
7.054023	0.000000
7.052497	0.000000
7.050971	0.000000
7.049445	0.000000
7.047918	0.000000
7.046392	0.000000
7.044866	0.000000
7.043340	0.000000
7.041814	0.000000
7.040288	0.000000
7.038762	0.000000
7.037236	0.000000
7.035710	0.000000
7.034184	0.000000
7.032658	0.000000
7.031132	0.000000
7.029606	0.000000
7.028080	0.000000
7.026554	0.000000
7.025027	0.000000
7.023501	0.000000
7.021975	0.000000
7.020449	0.000000
7.018923	0.000000
7.017397	0.000000
7.015871	0.000000
7.014345	0.000000
7.012819	0.000000
7.011293	0.000000
7.009767	0.000000
7.008241	0.000000
7.006715	0.000000
7.005189	0.000000
7.003663	0.000000
7.002136	0.000000
7.000610	0.000000
6.999084	0.000000
6.997558	0.000000
6.996032	0.000000
6.994506	0.000000
6.992980	0.000000
6.991454	0.000000
6.989928	0.000000
6.988402	0.000000
6.986876	0.000000
6.985350	0.000000
6.983824	0.000000
6.982298	0.000000
6.980772	0.000000
6.979246	0.000000
6.977719	0.000000
6.976193	0.000000
6.974667	0.000000
6.973141	0.000000
6.971615	0.000000
6.970089	0.000000
6.968563	0.000000
6.967037	0.000000
6.965511	0.000000
6.963985	0.000000
6.962459	0.000000
6.960933	0.000000
6.959407	0.000000
6.957881	0.000000
6.956355	0.000000
6.954828	0.000000
6.953302	0.000000
6.951776	0.000000
6.950250	0.000000
6.948724	0.000000
6.947198	0.000000
6.945672	0.000000
6.944146	0.000000
6.942620	0.000000
6.941094	0.000000
6.939568	0.000000
6.938042	0.000000
6.936516	0.000000
6.934990	0.000000
6.933464	0.000000
6.931937	0.000000
6.930411	0.000000
6.928885	0.000000
6.927359	0.000000
6.925833	0.000000
6.924307	0.000000
6.922781	0.000000
6.921255	0.000000
6.919729	0.000000
6.918203	0.000000
6.916677	0.000000
6.915151	0.000000
6.913625	0.000000
6.912099	0.000000
6.910573	0.000000
6.909047	0.000000
6.907520	0.000000
6.905994	0.000000
6.904468	0.000000
6.902942	0.000000
6.901416	0.000000
6.899890	0.000000
6.898364	0.000000
6.896838	0.000000
6.895312	0.000000
6.893786	0.000000
6.892260	0.000000
6.890734	0.000000
6.889208	0.000000
6.887682	0.000000
6.886156	0.000000
6.884629	0.000000
6.883103	0.000000
6.881577	0.000000
6.880051	0.000000
6.878525	0.000000
6.876999	0.000000
6.875473	0.000000
6.873947	0.000000
6.872421	0.000000
6.870895	0.000000
6.869369	0.000000
6.867843	0.000000
6.866317	0.000000
6.864791	0.000000
6.863265	0.000000
6.861738	0.000000
6.860212	0.000000
6.858686	0.000000
6.857160	0.000000
6.855634	0.000000
6.854108	0.000000
6.852582	0.000000
6.851056	0.000000
6.849530	0.000000
6.848004	0.000000
6.846478	0.000000
6.844952	0.000000
6.843426	0.000000
6.841900	0.000000
6.840374	0.000000
6.838848	0.000000
6.837321	0.000000
6.835795	0.000000
6.834269	0.000000
6.832743	0.000000
6.831217	0.000000
6.829691	0.000000
6.828165	0.000000
6.826639	0.000000
6.825113	0.000000
6.823587	0.000000
6.822061	0.000000
6.820535	0.000000
6.819009	0.000000
6.817483	0.000000
6.815957	0.000000
6.814430	0.000000
6.812904	0.000000
6.811378	0.000000
6.809852	0.000000
6.808326	0.000000
6.806800	0.000000
6.805274	0.000000
6.803748	0.000000
6.802222	0.000000
6.800696	0.000000
6.799170	0.000000
6.797644	0.000000
6.796118	0.000000
6.794592	0.000000
6.793066	0.000000
6.791539	0.000000
6.790013	0.000000
6.788487	0.000000
6.786961	0.000000
6.785435	0.000000
6.783909	0.000000
6.782383	0.000000
6.780857	0.000000
6.779331	0.000000
6.777805	0.000000
6.776279	0.000000
6.774753	0.000000
6.773227	0.000000
6.771701	0.000000
6.770175	0.000000
6.768649	0.000000
6.767122	0.000000
6.765596	0.000000
6.764070	0.000000
6.762544	0.000000
6.761018	0.000000
6.759492	0.000000
6.757966	0.000000
6.756440	0.000000
6.754914	0.000000
6.753388	0.000000
6.751862	0.000000
6.750336	0.000000
6.748810	0.000000
6.747284	0.000000
6.745758	0.000000
6.744231	0.000000
6.742705	0.000000
6.741179	0.000000
6.739653	0.000000
6.738127	0.000000
6.736601	0.000000
6.735075	0.000000
6.733549	0.000000
6.732023	0.000000
6.730497	0.000000
6.728971	0.000000
6.727445	0.000000
6.725919	0.000000
6.724393	0.000000
6.722867	0.000000
6.721340	0.000000
6.719814	0.000000
6.718288	0.000000
6.716762	0.000000
6.715236	0.000000
6.713710	0.000000
6.712184	0.000000
6.710658	0.000000
6.709132	0.000000
6.707606	0.000000
6.706080	0.000000
6.704554	0.000000
6.703028	0.000000
6.701502	0.000000
6.699976	0.000000
6.698450	0.000000
6.696923	0.000000
6.695397	0.000000
6.693871	0.000000
6.692345	0.000000
6.690819	0.000000
6.689293	0.000000
6.687767	0.000000
6.686241	0.000000
6.684715	0.000000
6.683189	0.000000
6.681663	0.000000
6.680137	0.000000
6.678611	0.000000
6.677085	0.000000
6.675559	0.000000
6.674032	0.000000
6.672506	0.000000
6.670980	0.000000
6.669454	0.000000
6.667928	0.000000
6.666402	0.000000
6.664876	0.000000
6.663350	0.000000
6.661824	0.000000
6.660298	0.000000
6.658772	0.000000
6.657246	0.000000
6.655720	0.000000
6.654194	0.000000
6.652668	0.000000
6.651141	0.000000
6.649615	0.000000
6.648089	0.000000
6.646563	0.000000
6.645037	0.000000
6.643511	0.000000
6.641985	0.000000
6.640459	0.000000
6.638933	0.000000
6.637407	0.000000
6.635881	0.000000
6.634355	0.000000
6.632829	0.000000
6.631303	0.000000
6.629777	0.000000
6.628251	0.000000
6.626724	0.000000
6.625198	0.000000
6.623672	0.000000
6.622146	0.000000
6.620620	0.000000
6.619094	0.000000
6.617568	0.000000
6.616042	0.000000
6.614516	0.000000
6.612990	0.000000
6.611464	0.000000
6.609938	0.000000
6.608412	0.000000
6.606886	0.000000
6.605360	0.000000
6.603833	0.000000
6.602307	0.000000
6.600781	0.000000
6.599255	0.000000
6.597729	0.000000
6.596203	0.000000
6.594677	0.000000
6.593151	0.000000
6.591625	0.000000
6.590099	0.000000
6.588573	0.000000
6.587047	0.000000
6.585521	0.000000
6.583995	0.000000
6.582469	0.000000
6.580942	0.000000
6.579416	0.000000
6.577890	0.000000
6.576364	0.000000
6.574838	0.000000
6.573312	0.000000
6.571786	0.000000
6.570260	0.000000
6.568734	0.000000
6.567208	0.000000
6.565682	0.000000
6.564156	0.000000
6.562630	0.000000
6.561104	0.000000
6.559578	0.000000
6.558052	0.000000
6.556525	0.000000
6.554999	0.000000
6.553473	0.000000
6.551947	0.000000
6.550421	0.000000
6.548895	0.000000
6.547369	0.000000
6.545843	0.000000
6.544317	0.000000
6.542791	0.000000
6.541265	0.000000
6.539739	0.000000
6.538213	0.000000
6.536687	0.000000
6.535161	0.000000
6.533634	0.000000
6.532108	0.000000
6.530582	0.000000
6.529056	0.000000
6.527530	0.000000
6.526004	0.000000
6.524478	0.000000
6.522952	0.000000
6.521426	0.000000
6.519900	0.000000
6.518374	0.000000
6.516848	0.000000
6.515322	0.000000
6.513796	0.000000
6.512270	0.000000
6.510743	0.000000
6.509217	0.000000
6.507691	0.000000
6.506165	0.000000
6.504639	0.000000
6.503113	0.000000
6.501587	0.000000
6.500061	0.000000
6.498535	0.000000
6.497009	0.000000
6.495483	0.000000
6.493957	0.000000
6.492431	0.000000
6.490905	0.000000
6.489379	0.000000
6.487853	0.000000
6.486326	0.000000
6.484800	0.000000
6.483274	0.000000
6.481748	0.000000
6.480222	0.000000
6.478696	0.000000
6.477170	0.000000
6.475644	0.000000
6.474118	0.000000
6.472592	0.000000
6.471066	0.000000
6.469540	0.000000
6.468014	0.000000
6.466488	0.000000
6.464962	0.000000
6.463435	0.000000
6.461909	0.000000
6.460383	0.000000
6.458857	0.000000
6.457331	0.000000
6.455805	0.000000
6.454279	0.000000
6.452753	0.000000
6.451227	0.000000
6.449701	0.000000
6.448175	0.000000
6.446649	0.000000
6.445123	0.000000
6.443597	0.000000
6.442071	0.000000
6.440545	0.000000
6.439018	0.000000
6.437492	0.000000
6.435966	0.000000
6.434440	0.000000
6.432914	0.000000
6.431388	0.000000
6.429862	0.000000
6.428336	0.000000
6.426810	0.000000
6.425284	0.000000
6.423758	0.000000
6.422232	0.000000
6.420706	0.000000
6.419180	0.000000
6.417654	0.000000
6.416127	0.000000
6.414601	0.000000
6.413075	0.000000
6.411549	0.000000
6.410023	0.000000
6.408497	0.000000
6.406971	0.000000
6.405445	0.000000
6.403919	0.000000
6.402393	0.000000
6.400867	0.000000
6.399341	0.000000
6.397815	0.000000
6.396289	0.000000
6.394763	0.000000
6.393236	0.000000
6.391710	0.000000
6.390184	0.000000
6.388658	0.000000
6.387132	0.000000
6.385606	0.000000
6.384080	0.000000
6.382554	0.000000
6.381028	0.000000
6.379502	0.000000
6.377976	0.000000
6.376450	0.000000
6.374924	0.000000
6.373398	0.000000
6.371872	0.000000
6.370346	0.000000
6.368819	0.000000
6.367293	0.000000
6.365767	0.000000
6.364241	0.000000
6.362715	0.000000
6.361189	0.000000
6.359663	0.000000
6.358137	0.000000
6.356611	0.000000
6.355085	0.000000
6.353559	0.000000
6.352033	0.000000
6.350507	0.000000
6.348981	0.000000
6.347455	0.000000
6.345928	0.000000
6.344402	0.000000
6.342876	0.000000
6.341350	0.000000
6.339824	0.000000
6.338298	0.000000
6.336772	0.000000
6.335246	0.000000
6.333720	0.000000
6.332194	0.000000
6.330668	0.000000
6.329142	0.000000
6.327616	0.000000
6.326090	0.000000
6.324564	0.000000
6.323037	0.000000
6.321511	0.000000
6.319985	0.000000
6.318459	0.000000
6.316933	0.000000
6.315407	0.000000
6.313881	0.000000
6.312355	0.000000
6.310829	0.000000
6.309303	0.000000
6.307777	0.000000
6.306251	0.000000
6.304725	0.000000
6.303199	0.000000
6.301673	0.000000
6.300147	0.000000
6.298620	0.000000
6.297094	0.000000
6.295568	0.000000
6.294042	0.000000
6.292516	0.000000
6.290990	0.000000
6.289464	0.000000
6.287938	0.000000
6.286412	0.000000
6.284886	0.000000
6.283360	0.000000
6.281834	0.000000
6.280308	0.000000
6.278782	0.000000
6.277256	0.000000
6.275729	0.000000
6.274203	0.000000
6.272677	0.000000
6.271151	0.000000
6.269625	0.000000
6.268099	0.000000
6.266573	0.000000
6.265047	0.000000
6.263521	0.000000
6.261995	0.000000
6.260469	0.000000
6.258943	0.000000
6.257417	0.000000
6.255891	0.000000
6.254365	0.000000
6.252838	0.000000
6.251312	0.000000
6.249786	0.000000
6.248260	0.000000
6.246734	0.000000
6.245208	0.000000
6.243682	0.000000
6.242156	0.000000
6.240630	0.000000
6.239104	0.000000
6.237578	0.000000
6.236052	0.000000
6.234526	0.000000
6.233000	0.000000
6.231474	0.000000
6.229948	0.000000
6.228421	0.000000
6.226895	0.000000
6.225369	0.000000
6.223843	0.000000
6.222317	0.000000
6.220791	0.000000
6.219265	0.000000
6.217739	0.000000
6.216213	0.000000
6.214687	0.000000
6.213161	0.000000
6.211635	0.000000
6.210109	0.000000
6.208583	0.000000
6.207057	0.000000
6.205530	0.000000
6.204004	0.000000
6.202478	0.000000
6.200952	0.000000
6.199426	0.000000
6.197900	0.000000
6.196374	0.000000
6.194848	0.000000
6.193322	0.000000
6.191796	0.000000
6.190270	0.000000
6.188744	0.000000
6.187218	0.000000
6.185692	0.000000
6.184166	0.000000
6.182639	0.000000
6.181113	0.000000
6.179587	0.000000
6.178061	0.000000
6.176535	0.000000
6.175009	0.000000
6.173483	0.000000
6.171957	0.000000
6.170431	0.000000
6.168905	0.000000
6.167379	0.000000
6.165853	0.000000
6.164327	0.000000
6.162801	0.000000
6.161275	0.000000
6.159749	0.000000
6.158222	0.000000
6.156696	0.000000
6.155170	0.000000
6.153644	0.000000
6.152118	0.000000
6.150592	0.000000
6.149066	0.000000
6.147540	0.000000
6.146014	0.000000
6.144488	0.000000
6.142962	0.000000
6.141436	0.000000
6.139910	0.000000
6.138384	0.000000
6.136858	0.000000
6.135331	0.000000
6.133805	0.000000
6.132279	0.000000
6.130753	0.000000
6.129227	0.000000
6.127701	0.000000
6.126175	0.000000
6.124649	0.000000
6.123123	0.000000
6.121597	0.000000
6.120071	0.000000
6.118545	0.000000
6.117019	0.000000
6.115493	0.000000
6.113967	0.000000
6.112440	0.000000
6.110914	0.000000
6.109388	0.000000
6.107862	0.000000
6.106336	0.000000
6.104810	0.000000
6.103284	0.000000
6.101758	0.000000
6.100232	0.000000
6.098706	0.000000
6.097180	0.000000
6.095654	0.000000
6.094128	0.000000
6.092602	0.000000
6.091076	0.000000
6.089550	0.000001
6.088023	0.000001
6.086497	0.000001
6.084971	0.000001
6.083445	0.000001
6.081919	0.000001
6.080393	0.000001
6.078867	0.000001
6.077341	0.000001
6.075815	0.000001
6.074289	0.000001
6.072763	0.000001
6.071237	0.000001
6.069711	0.000001
6.068185	0.000001
6.066659	0.000001
6.065132	0.000001
6.063606	0.000001
6.062080	0.000001
6.060554	0.000001
6.059028	0.000001
6.057502	0.000001
6.055976	0.000001
6.054450	0.000001
6.052924	0.000001
6.051398	0.000001
6.049872	0.000001
6.048346	0.000001
6.046820	0.000001
6.045294	0.000001
6.043768	0.000001
6.042241	0.000001
6.040715	0.000001
6.039189	0.000001
6.037663	0.000001
6.036137	0.000001
6.034611	0.000001
6.033085	0.000001
6.031559	0.000001
6.030033	0.000001
6.028507	0.000001
6.026981	0.000001
6.025455	0.000001
6.023929	0.000001
6.022403	0.000001
6.020877	0.000001
6.019351	0.000001
6.017824	0.000001
6.016298	0.000001
6.014772	0.000001
6.013246	0.000001
6.011720	0.000001
6.010194	0.000001
6.008668	0.000001
6.007142	0.000001
6.005616	0.000001
6.004090	0.000001
6.002564	0.000001
6.001038	0.000001
5.999512	0.000001
5.997986	0.000001
5.996460	0.000001
5.994933	0.000001
5.993407	0.000001
5.991881	0.000001
5.990355	0.000001
5.988829	0.000001
5.987303	0.000001
5.985777	0.000001
5.984251	0.000001
5.982725	0.000001
5.981199	0.000001
5.979673	0.000001
5.978147	0.000001
5.976621	0.000001
5.975095	0.000001
5.973569	0.000001
5.972042	0.000001
5.970516	0.000001
5.968990	0.000001
5.967464	0.000001
5.965938	0.000001
5.964412	0.000001
5.962886	0.000001
5.961360	0.000001
5.959834	0.000001
5.958308	0.000001
5.956782	0.000001
5.955256	0.000001
5.953730	0.000001
5.952204	0.000001
5.950678	0.000001
5.949152	0.000001
5.947625	0.000001
5.946099	0.000001
5.944573	0.000001
5.943047	0.000001
5.941521	0.000001
5.939995	0.000001
5.938469	0.000001
5.936943	0.000001
5.935417	0.000001
5.933891	0.000001
5.932365	0.000001
5.930839	0.000001
5.929313	0.000001
5.927787	0.000001
5.926261	0.000001
5.924734	0.000001
5.923208	0.000001
5.921682	0.000001
5.920156	0.000001
5.918630	0.000001
5.917104	0.000001
5.915578	0.000001
5.914052	0.000001
5.912526	0.000001
5.911000	0.000001
5.909474	0.000001
5.907948	0.000001
5.906422	0.000001
5.904896	0.000001
5.903370	0.000001
5.901843	0.000001
5.900317	0.000001
5.898791	0.000001
5.897265	0.000001
5.895739	0.000001
5.894213	0.000001
5.892687	0.000001
5.891161	0.000001
5.889635	0.000001
5.888109	0.000001
5.886583	0.000001
5.885057	0.000001
5.883531	0.000001
5.882005	0.000001
5.880479	0.000001
5.878953	0.000001
5.877426	0.000001
5.875900	0.000001
5.874374	0.000001
5.872848	0.000001
5.871322	0.000001
5.869796	0.000001
5.868270	0.000001
5.866744	0.000001
5.865218	0.000001
5.863692	0.000001
5.862166	0.000001
5.860640	0.000001
5.859114	0.000001
5.857588	0.000001
5.856062	0.000001
5.854535	0.000001
5.853009	0.000001
5.851483	0.000001
5.849957	0.000001
5.848431	0.000001
5.846905	0.000001
5.845379	0.000001
5.843853	0.000001
5.842327	0.000001
5.840801	0.000001
5.839275	0.000001
5.837749	0.000001
5.836223	0.000001
5.834697	0.000001
5.833171	0.000001
5.831644	0.000001
5.830118	0.000001
5.828592	0.000001
5.827066	0.000001
5.825540	0.000001
5.824014	0.000001
5.822488	0.000001
5.820962	0.000001
5.819436	0.000001
5.817910	0.000001
5.816384	0.000001
5.814858	0.000001
5.813332	0.000001
5.811806	0.000001
5.810280	0.000001
5.808754	0.000001
5.807227	0.000001
5.805701	0.000001
5.804175	0.000001
5.802649	0.000001
5.801123	0.000001
5.799597	0.000001
5.798071	0.000001
5.796545	0.000001
5.795019	0.000001
5.793493	0.000001
5.791967	0.000001
5.790441	0.000001
5.788915	0.000001
5.787389	0.000001
5.785863	0.000001
5.784336	0.000001
5.782810	0.000001
5.781284	0.000001
5.779758	0.000001
5.778232	0.000001
5.776706	0.000001
5.775180	0.000001
5.773654	0.000001
5.772128	0.000001
5.770602	0.000001
5.769076	0.000001
5.767550	0.000001
5.766024	0.000001
5.764498	0.000001
5.762972	0.000001
5.761445	0.000001
5.759919	0.000001
5.758393	0.000001
5.756867	0.000001
5.755341	0.000001
5.753815	0.000001
5.752289	0.000001
5.750763	0.000001
5.749237	0.000001
5.747711	0.000001
5.746185	0.000001
5.744659	0.000001
5.743133	0.000001
5.741607	0.000001
5.740081	0.000001
5.738555	0.000001
5.737028	0.000001
5.735502	0.000001
5.733976	0.000001
5.732450	0.000001
5.730924	0.000001
5.729398	0.000001
5.727872	0.000001
5.726346	0.000001
5.724820	0.000001
5.723294	0.000001
5.721768	0.000001
5.720242	0.000001
5.718716	0.000001
5.717190	0.000001
5.715664	0.000001
5.714137	0.000001
5.712611	0.000001
5.711085	0.000001
5.709559	0.000001
5.708033	0.000001
5.706507	0.000001
5.704981	0.000001
5.703455	0.000001
5.701929	0.000001
5.700403	0.000001
5.698877	0.000001
5.697351	0.000001
5.695825	0.000001
5.694299	0.000001
5.692773	0.000001
5.691246	0.000001
5.689720	0.000001
5.688194	0.000001
5.686668	0.000001
5.685142	0.000001
5.683616	0.000001
5.682090	0.000001
5.680564	0.000001
5.679038	0.000001
5.677512	0.000001
5.675986	0.000001
5.674460	0.000001
5.672934	0.000001
5.671408	0.000001
5.669882	0.000001
5.668356	0.000001
5.666829	0.000001
5.665303	0.000001
5.663777	0.000001
5.662251	0.000001
5.660725	0.000001
5.659199	0.000001
5.657673	0.000001
5.656147	0.000001
5.654621	0.000001
5.653095	0.000001
5.651569	0.000001
5.650043	0.000001
5.648517	0.000001
5.646991	0.000001
5.645465	0.000001
5.643938	0.000001
5.642412	0.000001
5.640886	0.000001
5.639360	0.000001
5.637834	0.000001
5.636308	0.000001
5.634782	0.000001
5.633256	0.000001
5.631730	0.000001
5.630204	0.000001
5.628678	0.000001
5.627152	0.000001
5.625626	0.000001
5.624100	0.000001
5.622574	0.000001
5.621047	0.000001
5.619521	0.000001
5.617995	0.000001
5.616469	0.000001
5.614943	0.000001
5.613417	0.000001
5.611891	0.000001
5.610365	0.000001
5.608839	0.000001
5.607313	0.000001
5.605787	0.000001
5.604261	0.000001
5.602735	0.000001
5.601209	0.000001
5.599683	0.000001
5.598157	0.000001
5.596630	0.000001
5.595104	0.000001
5.593578	0.000001
5.592052	0.000001
5.590526	0.000001
5.589000	0.000001
5.587474	0.000001
5.585948	0.000001
5.584422	0.000001
5.582896	0.000001
5.581370	0.000001
5.579844	0.000001
5.578318	0.000001
5.576792	0.000001
5.575266	0.000001
5.573739	0.000001
5.572213	0.000001
5.570687	0.000001
5.569161	0.000001
5.567635	0.000001
5.566109	0.000001
5.564583	0.000001
5.563057	0.000001
5.561531	0.000001
5.560005	0.000001
5.558479	0.000001
5.556953	0.000001
5.555427	0.000001
5.553901	0.000001
5.552375	0.000001
5.550848	0.000001
5.549322	0.000001
5.547796	0.000001
5.546270	0.000001
5.544744	0.000001
5.543218	0.000001
5.541692	0.000001
5.540166	0.000001
5.538640	0.000001
5.537114	0.000001
5.535588	0.000001
5.534062	0.000001
5.532536	0.000001
5.531010	0.000001
5.529484	0.000001
5.527958	0.000001
5.526431	0.000001
5.524905	0.000001
5.523379	0.000001
5.521853	0.000001
5.520327	0.000001
5.518801	0.000001
5.517275	0.000001
5.515749	0.000001
5.514223	0.000001
5.512697	0.000001
5.511171	0.000001
5.509645	0.000001
5.508119	0.000001
5.506593	0.000001
5.505067	0.000001
5.503540	0.000001
5.502014	0.000001
5.500488	0.000001
5.498962	0.000001
5.497436	0.000001
5.495910	0.000001
5.494384	0.000001
5.492858	0.000001
5.491332	0.000001
5.489806	0.000001
5.488280	0.000001
5.486754	0.000001
5.485228	0.000001
5.483702	0.000001
5.482176	0.000001
5.480649	0.000001
5.479123	0.000001
5.477597	0.000001
5.476071	0.000001
5.474545	0.000001
5.473019	0.000001
5.471493	0.000001
5.469967	0.000001
5.468441	0.000001
5.466915	0.000001
5.465389	0.000001
5.463863	0.000001
5.462337	0.000001
5.460811	0.000001
5.459285	0.000001
5.457759	0.000001
5.456232	0.000001
5.454706	0.000001
5.453180	0.000001
5.451654	0.000001
5.450128	0.000001
5.448602	0.000001
5.447076	0.000001
5.445550	0.000001
5.444024	0.000001
5.442498	0.000001
5.440972	0.000001
5.439446	0.000001
5.437920	0.000001
5.436394	0.000001
5.434868	0.000001
5.433341	0.000001
5.431815	0.000001
5.430289	0.000001
5.428763	0.000001
5.427237	0.000001
5.425711	0.000001
5.424185	0.000001
5.422659	0.000001
5.421133	0.000001
5.419607	0.000001
5.418081	0.000001
5.416555	0.000001
5.415029	0.000001
5.413503	0.000001
5.411977	0.000001
5.410450	0.000001
5.408924	0.000001
5.407398	0.000001
5.405872	0.000001
5.404346	0.000001
5.402820	0.000001
5.401294	0.000001
5.399768	0.000001
5.398242	0.000001
5.396716	0.000001
5.395190	0.000001
5.393664	0.000001
5.392138	0.000001
5.390612	0.000001
5.389086	0.000001
5.387560	0.000001
5.386033	0.000001
5.384507	0.000001
5.382981	0.000001
5.381455	0.000001
5.379929	0.000001
5.378403	0.000001
5.376877	0.000001
5.375351	0.000001
5.373825	0.000001
5.372299	0.000001
5.370773	0.000001
5.369247	0.000001
5.367721	0.000001
5.366195	0.000001
5.364669	0.000001
5.363142	0.000001
5.361616	0.000001
5.360090	0.000001
5.358564	0.000001
5.357038	0.000001
5.355512	0.000001
5.353986	0.000001
5.352460	0.000001
5.350934	0.000001
5.349408	0.000001
5.347882	0.000001
5.346356	0.000001
5.344830	0.000001
5.343304	0.000001
5.341778	0.000001
5.340251	0.000001
5.338725	0.000001
5.337199	0.000001
5.335673	0.000001
5.334147	0.000001
5.332621	0.000001
5.331095	0.000001
5.329569	0.000001
5.328043	0.000001
5.326517	0.000001
5.324991	0.000001
5.323465	0.000001
5.321939	0.000001
5.320413	0.000001
5.318887	0.000001
5.317361	0.000001
5.315834	0.000001
5.314308	0.000001
5.312782	0.000001
5.311256	0.000001
5.309730	0.000001
5.308204	0.000001
5.306678	0.000001
5.305152	0.000001
5.303626	0.000001
5.302100	0.000001
5.300574	0.000001
5.299048	0.000001
5.297522	0.000001
5.295996	0.000001
5.294470	0.000001
5.292943	0.000001
5.291417	0.000001
5.289891	0.000001
5.288365	0.000001
5.286839	0.000001
5.285313	0.000001
5.283787	0.000001
5.282261	0.000001
5.280735	0.000001
5.279209	0.000001
5.277683	0.000001
5.276157	0.000001
5.274631	0.000001
5.273105	0.000001
5.271579	0.000001
5.270052	0.000001
5.268526	0.000001
5.267000	0.000001
5.265474	0.000001
5.263948	0.000001
5.262422	0.000001
5.260896	0.000001
5.259370	0.000001
5.257844	0.000001
5.256318	0.000001
5.254792	0.000001
5.253266	0.000001
5.251740	0.000001
5.250214	0.000001
5.248688	0.000001
5.247162	0.000001
5.245635	0.000001
5.244109	0.000001
5.242583	0.000001
5.241057	0.000001
5.239531	0.000001
5.238005	0.000001
5.236479	0.000001
5.234953	0.000001
5.233427	0.000001
5.231901	0.000001
5.230375	0.000001
5.228849	0.000001
5.227323	0.000001
5.225797	0.000001
5.224271	0.000001
5.222744	0.000001
5.221218	0.000001
5.219692	0.000001
5.218166	0.000001
5.216640	0.000001
5.215114	0.000001
5.213588	0.000001
5.212062	0.000001
5.210536	0.000001
5.209010	0.000001
5.207484	0.000001
5.205958	0.000001
5.204432	0.000001
5.202906	0.000001
5.201380	0.000001
5.199853	0.000001
5.198327	0.000001
5.196801	0.000001
5.195275	0.000001
5.193749	0.000001
5.192223	0.000001
5.190697	0.000001
5.189171	0.000001
5.187645	0.000001
5.186119	0.000001
5.184593	0.000001
5.183067	0.000001
5.181541	0.000001
5.180015	0.000001
5.178489	0.000001
5.176963	0.000001
5.175436	0.000001
5.173910	0.000001
5.172384	0.000001
5.170858	0.000001
5.169332	0.000001
5.167806	0.000001
5.166280	0.000001
5.164754	0.000001
5.163228	0.000001
5.161702	0.000001
5.160176	0.000001
5.158650	0.000001
5.157124	0.000001
5.155598	0.000001
5.154072	0.000001
5.152545	0.000001
5.151019	0.000001
5.149493	0.000001
5.147967	0.000001
5.146441	0.000001
5.144915	0.000001
5.143389	0.000001
5.141863	0.000001
5.140337	0.000001
5.138811	0.000001
5.137285	0.000001
5.135759	0.000001
5.134233	0.000001
5.132707	0.000001
5.131181	0.000001
5.129654	0.000001
5.128128	0.000001
5.126602	0.000001
5.125076	0.000001
5.123550	0.000001
5.122024	0.000001
5.120498	0.000001
5.118972	0.000001
5.117446	0.000001
5.115920	0.000001
5.114394	0.000001
5.112868	0.000001
5.111342	0.000001
5.109816	0.000001
5.108290	0.000001
5.106764	0.000001
5.105237	0.000001
5.103711	0.000001
5.102185	0.000001
5.100659	0.000001
5.099133	0.000001
5.097607	0.000001
5.096081	0.000001
5.094555	0.000001
5.093029	0.000001
5.091503	0.000001
5.089977	0.000001
5.088451	0.000001
5.086925	0.000001
5.085399	0.000001
5.083873	0.000001
5.082346	0.000001
5.080820	0.000001
5.079294	0.000001
5.077768	0.000001
5.076242	0.000001
5.074716	0.000001
5.073190	0.000001
5.071664	0.000001
5.070138	0.000001
5.068612	0.000001
5.067086	0.000001
5.065560	0.000001
5.064034	0.000001
5.062508	0.000001
5.060982	0.000001
5.059455	0.000001
5.057929	0.000001
5.056403	0.000001
5.054877	0.000001
5.053351	0.000001
5.051825	0.000001
5.050299	0.000001
5.048773	0.000001
5.047247	0.000001
5.045721	0.000001
5.044195	0.000001
5.042669	0.000001
5.041143	0.000001
5.039617	0.000001
5.038091	0.000001
5.036565	0.000001
5.035038	0.000001
5.033512	0.000001
5.031986	0.000001
5.030460	0.000001
5.028934	0.000001
5.027408	0.000001
5.025882	0.000001
5.024356	0.000001
5.022830	0.000001
5.021304	0.000001
5.019778	0.000001
5.018252	0.000001
5.016726	0.000001
5.015200	0.000001
5.013674	0.000001
5.012147	0.000001
5.010621	0.000001
5.009095	0.000001
5.007569	0.000001
5.006043	0.000001
5.004517	0.000001
5.002991	0.000001
5.001465	0.000001
4.999939	0.000001
4.998413	0.000001
4.996887	0.000001
4.995361	0.000001
4.993835	0.000001
4.992309	0.000001
4.990783	0.000001
4.989257	0.000001
4.987730	0.000001
4.986204	0.000001
4.984678	0.000001
4.983152	0.000001
4.981626	0.000001
4.980100	0.000001
4.978574	0.000001
4.977048	0.000001
4.975522	0.000001
4.973996	0.000001
4.972470	0.000001
4.970944	0.000001
4.969418	0.000001
4.967892	0.000001
4.966366	0.000001
4.964839	0.000001
4.963313	0.000001
4.961787	0.000001
4.960261	0.000001
4.958735	0.000001
4.957209	0.000001
4.955683	0.000001
4.954157	0.000001
4.952631	0.000001
4.951105	0.000001
4.949579	0.000001
4.948053	0.000001
4.946527	0.000001
4.945001	0.000001
4.943475	0.000001
4.941948	0.000001
4.940422	0.000001
4.938896	0.000001
4.937370	0.000001
4.935844	0.000001
4.934318	0.000001
4.932792	0.000001
4.931266	0.000001
4.929740	0.000001
4.928214	0.000001
4.926688	0.000001
4.925162	0.000001
4.923636	0.000001
4.922110	0.000001
4.920584	0.000001
4.919058	0.000001
4.917531	0.000001
4.916005	0.000001
4.914479	0.000001
4.912953	0.000001
4.911427	0.000001
4.909901	0.000001
4.908375	0.000001
4.906849	0.000001
4.905323	0.000001
4.903797	0.000001
4.902271	0.000001
4.900745	0.000001
4.899219	0.000001
4.897693	0.000001
4.896167	0.000001
4.894640	0.000001
4.893114	0.000001
4.891588	0.000001
4.890062	0.000001
4.888536	0.000001
4.887010	0.000001
4.885484	0.000001
4.883958	0.000001
4.882432	0.000001
4.880906	0.000001
4.879380	0.000001
4.877854	0.000001
4.876328	0.000001
4.874802	0.000001
4.873276	0.000001
4.871749	0.000001
4.870223	0.000001
4.868697	0.000001
4.867171	0.000001
4.865645	0.000001
4.864119	0.000001
4.862593	0.000001
4.861067	0.000001
4.859541	0.000001
4.858015	0.000001
4.856489	0.000001
4.854963	0.000001
4.853437	0.000001
4.851911	0.000001
4.850385	0.000001
4.848859	0.000001
4.847332	0.000001
4.845806	0.000001
4.844280	0.000001
4.842754	0.000001
4.841228	0.000001
4.839702	0.000001
4.838176	0.000001
4.836650	0.000001
4.835124	0.000001
4.833598	0.000001
4.832072	0.000001
4.830546	0.000001
4.829020	0.000001
4.827494	0.000001
4.825968	0.000001
4.824441	0.000001
4.822915	0.000001
4.821389	0.000001
4.819863	0.000001
4.818337	0.000001
4.816811	0.000001
4.815285	0.000001
4.813759	0.000001
4.812233	0.000001
4.810707	0.000001
4.809181	0.000001
4.807655	0.000001
4.806129	0.000001
4.804603	0.000001
4.803077	0.000001
4.801550	0.000001
4.800024	0.000001
4.798498	0.000001
4.796972	0.000001
4.795446	0.000001
4.793920	0.000001
4.792394	0.000001
4.790868	0.000001
4.789342	0.000001
4.787816	0.000001
4.786290	0.000002
4.784764	0.000002
4.783238	0.000002
4.781712	0.000002
4.780186	0.000002
4.778660	0.000002
4.777133	0.000002
4.775607	0.000002
4.774081	0.000002
4.772555	0.000002
4.771029	0.000002
4.769503	0.000002
4.767977	0.000002
4.766451	0.000002
4.764925	0.000002
4.763399	0.000002
4.761873	0.000002
4.760347	0.000002
4.758821	0.000002
4.757295	0.000002
4.755769	0.000002
4.754242	0.000002
4.752716	0.000002
4.751190	0.000002
4.749664	0.000002
4.748138	0.000002
4.746612	0.000002
4.745086	0.000002
4.743560	0.000002
4.742034	0.000002
4.740508	0.000002
4.738982	0.000002
4.737456	0.000002
4.735930	0.000002
4.734404	0.000002
4.732878	0.000002
4.731351	0.000002
4.729825	0.000002
4.728299	0.000002
4.726773	0.000002
4.725247	0.000002
4.723721	0.000002
4.722195	0.000002
4.720669	0.000002
4.719143	0.000002
4.717617	0.000002
4.716091	0.000002
4.714565	0.000002
4.713039	0.000002
4.711513	0.000002
4.709987	0.000002
4.708461	0.000002
4.706934	0.000002
4.705408	0.000002
4.703882	0.000002
4.702356	0.000002
4.700830	0.000002
4.699304	0.000002
4.697778	0.000002
4.696252	0.000002
4.694726	0.000002
4.693200	0.000002
4.691674	0.000002
4.690148	0.000002
4.688622	0.000002
4.687096	0.000002
4.685570	0.000002
4.684043	0.000002
4.682517	0.000002
4.680991	0.000002
4.679465	0.000002
4.677939	0.000002
4.676413	0.000002
4.674887	0.000002
4.673361	0.000002
4.671835	0.000002
4.670309	0.000002
4.668783	0.000002
4.667257	0.000002
4.665731	0.000002
4.664205	0.000002
4.662679	0.000002
4.661152	0.000002
4.659626	0.000002
4.658100	0.000002
4.656574	0.000002
4.655048	0.000002
4.653522	0.000002
4.651996	0.000002
4.650470	0.000002
4.648944	0.000002
4.647418	0.000002
4.645892	0.000002
4.644366	0.000002
4.642840	0.000002
4.641314	0.000002
4.639788	0.000002
4.638262	0.000002
4.636735	0.000002
4.635209	0.000002
4.633683	0.000002
4.632157	0.000002
4.630631	0.000002
4.629105	0.000002
4.627579	0.000002
4.626053	0.000002
4.624527	0.000002
4.623001	0.000002
4.621475	0.000002
4.619949	0.000002
4.618423	0.000002
4.616897	0.000002
4.615371	0.000002
4.613844	0.000002
4.612318	0.000002
4.610792	0.000002
4.609266	0.000002
4.607740	0.000002
4.606214	0.000002
4.604688	0.000002
4.603162	0.000002
4.601636	0.000002
4.600110	0.000002
4.598584	0.000002
4.597058	0.000002
4.595532	0.000002
4.594006	0.000002
4.592480	0.000002
4.590953	0.000002
4.589427	0.000002
4.587901	0.000002
4.586375	0.000002
4.584849	0.000002
4.583323	0.000002
4.581797	0.000002
4.580271	0.000002
4.578745	0.000002
4.577219	0.000002
4.575693	0.000002
4.574167	0.000002
4.572641	0.000002
4.571115	0.000002
4.569589	0.000002
4.568063	0.000002
4.566536	0.000002
4.565010	0.000002
4.563484	0.000002
4.561958	0.000002
4.560432	0.000002
4.558906	0.000002
4.557380	0.000002
4.555854	0.000002
4.554328	0.000002
4.552802	0.000002
4.551276	0.000002
4.549750	0.000002
4.548224	0.000002
4.546698	0.000002
4.545172	0.000002
4.543645	0.000002
4.542119	0.000002
4.540593	0.000002
4.539067	0.000002
4.537541	0.000002
4.536015	0.000002
4.534489	0.000002
4.532963	0.000002
4.531437	0.000002
4.529911	0.000002
4.528385	0.000002
4.526859	0.000002
4.525333	0.000002
4.523807	0.000002
4.522281	0.000002
4.520754	0.000002
4.519228	0.000002
4.517702	0.000002
4.516176	0.000002
4.514650	0.000002
4.513124	0.000002
4.511598	0.000002
4.510072	0.000002
4.508546	0.000002
4.507020	0.000002
4.505494	0.000002
4.503968	0.000002
4.502442	0.000002
4.500916	0.000002
4.499390	0.000002
4.497864	0.000002
4.496337	0.000002
4.494811	0.000002
4.493285	0.000002
4.491759	0.000002
4.490233	0.000002
4.488707	0.000002
4.487181	0.000002
4.485655	0.000002
4.484129	0.000002
4.482603	0.000002
4.481077	0.000002
4.479551	0.000002
4.478025	0.000002
4.476499	0.000002
4.474973	0.000002
4.473446	0.000002
4.471920	0.000002
4.470394	0.000002
4.468868	0.000002
4.467342	0.000002
4.465816	0.000002
4.464290	0.000002
4.462764	0.000002
4.461238	0.000002
4.459712	0.000002
4.458186	0.000002
4.456660	0.000002
4.455134	0.000002
4.453608	0.000002
4.452082	0.000002
4.450555	0.000002
4.449029	0.000002
4.447503	0.000002
4.445977	0.000002
4.444451	0.000002
4.442925	0.000002
4.441399	0.000002
4.439873	0.000002
4.438347	0.000002
4.436821	0.000002
4.435295	0.000002
4.433769	0.000002
4.432243	0.000002
4.430717	0.000002
4.429191	0.000002
4.427665	0.000002
4.426138	0.000002
4.424612	0.000002
4.423086	0.000002
4.421560	0.000002
4.420034	0.000003
4.418508	0.000003
4.416982	0.000003
4.415456	0.000003
4.413930	0.000003
4.412404	0.000003
4.410878	0.000003
4.409352	0.000003
4.407826	0.000003
4.406300	0.000003
4.404774	0.000003
4.403247	0.000003
4.401721	0.000003
4.400195	0.000003
4.398669	0.000003
4.397143	0.000003
4.395617	0.000003
4.394091	0.000003
4.392565	0.000003
4.391039	0.000003
4.389513	0.000003
4.387987	0.000003
4.386461	0.000003
4.384935	0.000003
4.383409	0.000003
4.381883	0.000003
4.380356	0.000003
4.378830	0.000003
4.377304	0.000003
4.375778	0.000003
4.374252	0.000003
4.372726	0.000003
4.371200	0.000003
4.369674	0.000003
4.368148	0.000003
4.366622	0.000003
4.365096	0.000003
4.363570	0.000003
4.362044	0.000003
4.360518	0.000003
4.358992	0.000003
4.357466	0.000003
4.355939	0.000003
4.354413	0.000003
4.352887	0.000003
4.351361	0.000003
4.349835	0.000003
4.348309	0.000003
4.346783	0.000003
4.345257	0.000003
4.343731	0.000003
4.342205	0.000003
4.340679	0.000003
4.339153	0.000003
4.337627	0.000003
4.336101	0.000003
4.334575	0.000003
4.333048	0.000003
4.331522	0.000003
4.329996	0.000003
4.328470	0.000003
4.326944	0.000003
4.325418	0.000003
4.323892	0.000003
4.322366	0.000003
4.320840	0.000003
4.319314	0.000003
4.317788	0.000003
4.316262	0.000003
4.314736	0.000003
4.313210	0.000003
4.311684	0.000003
4.310157	0.000003
4.308631	0.000003
4.307105	0.000003
4.305579	0.000003
4.304053	0.000003
4.302527	0.000003
4.301001	0.000003
4.299475	0.000003
4.297949	0.000003
4.296423	0.000003
4.294897	0.000003
4.293371	0.000003
4.291845	0.000003
4.290319	0.000003
4.288793	0.000003
4.287267	0.000003
4.285740	0.000003
4.284214	0.000003
4.282688	0.000003
4.281162	0.000003
4.279636	0.000003
4.278110	0.000003
4.276584	0.000003
4.275058	0.000003
4.273532	0.000003
4.272006	0.000003
4.270480	0.000003
4.268954	0.000003
4.267428	0.000003
4.265902	0.000003
4.264376	0.000003
4.262849	0.000003
4.261323	0.000003
4.259797	0.000003
4.258271	0.000003
4.256745	0.000003
4.255219	0.000003
4.253693	0.000003
4.252167	0.000003
4.250641	0.000003
4.249115	0.000003
4.247589	0.000003
4.246063	0.000003
4.244537	0.000003
4.243011	0.000003
4.241485	0.000003
4.239958	0.000003
4.238432	0.000003
4.236906	0.000003
4.235380	0.000003
4.233854	0.000003
4.232328	0.000004
4.230802	0.000004
4.229276	0.000004
4.227750	0.000004
4.226224	0.000004
4.224698	0.000004
4.223172	0.000004
4.221646	0.000004
4.220120	0.000004
4.218594	0.000004
4.217068	0.000004
4.215541	0.000004
4.214015	0.000004
4.212489	0.000004
4.210963	0.000004
4.209437	0.000004
4.207911	0.000004
4.206385	0.000004
4.204859	0.000004
4.203333	0.000004
4.201807	0.000004
4.200281	0.000004
4.198755	0.000004
4.197229	0.000004
4.195703	0.000004
4.194177	0.000004
4.192650	0.000004
4.191124	0.000004
4.189598	0.000004
4.188072	0.000004
4.186546	0.000004
4.185020	0.000004
4.183494	0.000004
4.181968	0.000004
4.180442	0.000004
4.178916	0.000004
4.177390	0.000004
4.175864	0.000004
4.174338	0.000004
4.172812	0.000004
4.171286	0.000004
4.169759	0.000004
4.168233	0.000004
4.166707	0.000004
4.165181	0.000004
4.163655	0.000004
4.162129	0.000004
4.160603	0.000004
4.159077	0.000004
4.157551	0.000004
4.156025	0.000004
4.154499	0.000004
4.152973	0.000004
4.151447	0.000004
4.149921	0.000004
4.148395	0.000004
4.146869	0.000004
4.145342	0.000004
4.143816	0.000004
4.142290	0.000004
4.140764	0.000004
4.139238	0.000004
4.137712	0.000004
4.136186	0.000004
4.134660	0.000004
4.133134	0.000004
4.131608	0.000004
4.130082	0.000004
4.128556	0.000004
4.127030	0.000004
4.125504	0.000004
4.123978	0.000004
4.122451	0.000004
4.120925	0.000004
4.119399	0.000004
4.117873	0.000004
4.116347	0.000004
4.114821	0.000005
4.113295	0.000005
4.111769	0.000005
4.110243	0.000005
4.108717	0.000005
4.107191	0.000005
4.105665	0.000005
4.104139	0.000005
4.102613	0.000005
4.101087	0.000005
4.099560	0.000005
4.098034	0.000005
4.096508	0.000005
4.094982	0.000005
4.093456	0.000005
4.091930	0.000005
4.090404	0.000005
4.088878	0.000005
4.087352	0.000005
4.085826	0.000005
4.084300	0.000005
4.082774	0.000005
4.081248	0.000005
4.079722	0.000005
4.078196	0.000005
4.076670	0.000005
4.075143	0.000005
4.073617	0.000005
4.072091	0.000005
4.070565	0.000005
4.069039	0.000005
4.067513	0.000005
4.065987	0.000005
4.064461	0.000005
4.062935	0.000005
4.061409	0.000005
4.059883	0.000005
4.058357	0.000005
4.056831	0.000005
4.055305	0.000005
4.053779	0.000005
4.052252	0.000005
4.050726	0.000005
4.049200	0.000005
4.047674	0.000005
4.046148	0.000005
4.044622	0.000005
4.043096	0.000005
4.041570	0.000005
4.040044	0.000005
4.038518	0.000005
4.036992	0.000005
4.035466	0.000005
4.033940	0.000006
4.032414	0.000006
4.030888	0.000006
4.029361	0.000006
4.027835	0.000006
4.026309	0.000006
4.024783	0.000006
4.023257	0.000006
4.021731	0.000006
4.020205	0.000006
4.018679	0.000006
4.017153	0.000006
4.015627	0.000006
4.014101	0.000006
4.012575	0.000006
4.011049	0.000006
4.009523	0.000006
4.007997	0.000006
4.006471	0.000006
4.004944	0.000006
4.003418	0.000006
4.001892	0.000006
4.000366	0.000006
3.998840	0.000006
3.997314	0.000006
3.995788	0.000006
3.994262	0.000006
3.992736	0.000006
3.991210	0.000006
3.989684	0.000006
3.988158	0.000006
3.986632	0.000006
3.985106	0.000006
3.983580	0.000006
3.982053	0.000006
3.980527	0.000006
3.979001	0.000006
3.977475	0.000006
3.975949	0.000006
3.974423	0.000006
3.972897	0.000007
3.971371	0.000007
3.969845	0.000007
3.968319	0.000007
3.966793	0.000007
3.965267	0.000007
3.963741	0.000007
3.962215	0.000007
3.960689	0.000007
3.959162	0.000007
3.957636	0.000007
3.956110	0.000007
3.954584	0.000007
3.953058	0.000007
3.951532	0.000007
3.950006	0.000007
3.948480	0.000007
3.946954	0.000007
3.945428	0.000007
3.943902	0.000007
3.942376	0.000007
3.940850	0.000007
3.939324	0.000007
3.937798	0.000007
3.936272	0.000007
3.934745	0.000007
3.933219	0.000007
3.931693	0.000007
3.930167	0.000007
3.928641	0.000007
3.927115	0.000007
3.925589	0.000007
3.924063	0.000008
3.922537	0.000008
3.921011	0.000008
3.919485	0.000008
3.917959	0.000008
3.916433	0.000008
3.914907	0.000008
3.913381	0.000008
3.911854	0.000008
3.910328	0.000008
3.908802	0.000008
3.907276	0.000008
3.905750	0.000008
3.904224	0.000008
3.902698	0.000008
3.901172	0.000008
3.899646	0.000008
3.898120	0.000008
3.896594	0.000008
3.895068	0.000008
3.893542	0.000008
3.892016	0.000008
3.890490	0.000008
3.888963	0.000008
3.887437	0.000008
3.885911	0.000009
3.884385	0.000009
3.882859	0.000009
3.881333	0.000009
3.879807	0.000009
3.878281	0.000009
3.876755	0.000009
3.875229	0.000009
3.873703	0.000009
3.872177	0.000009
3.870651	0.000009
3.869125	0.000009
3.867599	0.000009
3.866073	0.000009
3.864546	0.000009
3.863020	0.000009
3.861494	0.000009
3.859968	0.000009
3.858442	0.000009
3.856916	0.000009
3.855390	0.000009
3.853864	0.000009
3.852338	0.000010
3.850812	0.000010
3.849286	0.000010
3.847760	0.000010
3.846234	0.000010
3.844708	0.000010
3.843182	0.000010
3.841655	0.000010
3.840129	0.000010
3.838603	0.000010
3.837077	0.000010
3.835551	0.000010
3.834025	0.000010
3.832499	0.000010
3.830973	0.000010
3.829447	0.000010
3.827921	0.000010
3.826395	0.000010
3.824869	0.000011
3.823343	0.000011
3.821817	0.000011
3.820291	0.000011
3.818764	0.000011
3.817238	0.000011
3.815712	0.000011
3.814186	0.000011
3.812660	0.000011
3.811134	0.000011
3.809608	0.000011
3.808082	0.000011
3.806556	0.000011
3.805030	0.000011
3.803504	0.000011
3.801978	0.000012
3.800452	0.000012
3.798926	0.000012
3.797400	0.000012
3.795874	0.000012
3.794347	0.000012
3.792821	0.000012
3.791295	0.000012
3.789769	0.000012
3.788243	0.000012
3.786717	0.000012
3.785191	0.000012
3.783665	0.000012
3.782139	0.000012
3.780613	0.000013
3.779087	0.000013
3.777561	0.000013
3.776035	0.000013
3.774509	0.000013
3.772983	0.000013
3.771456	0.000013
3.769930	0.000013
3.768404	0.000013
3.766878	0.000013
3.765352	0.000013
3.763826	0.000013
3.762300	0.000014
3.760774	0.000014
3.759248	0.000014
3.757722	0.000014
3.756196	0.000014
3.754670	0.000014
3.753144	0.000014
3.751618	0.000014
3.750092	0.000014
3.748565	0.000014
3.747039	0.000015
3.745513	0.000015
3.743987	0.000015
3.742461	0.000015
3.740935	0.000015
3.739409	0.000015
3.737883	0.000015
3.736357	0.000015
3.734831	0.000015
3.733305	0.000015
3.731779	0.000016
3.730253	0.000016
3.728727	0.000016
3.727201	0.000016
3.725675	0.000016
3.724148	0.000016
3.722622	0.000016
3.721096	0.000016
3.719570	0.000016
3.718044	0.000017
3.716518	0.000017
3.714992	0.000017
3.713466	0.000017
3.711940	0.000017
3.710414	0.000017
3.708888	0.000017
3.707362	0.000017
3.705836	0.000018
3.704310	0.000018
3.702784	0.000018
3.701257	0.000018
3.699731	0.000018
3.698205	0.000018
3.696679	0.000018
3.695153	0.000019
3.693627	0.000019
3.692101	0.000019
3.690575	0.000019
3.689049	0.000019
3.687523	0.000019
3.685997	0.000019
3.684471	0.000020
3.682945	0.000020
3.681419	0.000020
3.679893	0.000020
3.678366	0.000020
3.676840	0.000020
3.675314	0.000021
3.673788	0.000021
3.672262	0.000021
3.670736	0.000021
3.669210	0.000021
3.667684	0.000022
3.666158	0.000022
3.664632	0.000022
3.663106	0.000022
3.661580	0.000022
3.660054	0.000022
3.658528	0.000023
3.657002	0.000023
3.655476	0.000023
3.653949	0.000023
3.652423	0.000023
3.650897	0.000024
3.649371	0.000024
3.647845	0.000024
3.646319	0.000024
3.644793	0.000025
3.643267	0.000025
3.641741	0.000025
3.640215	0.000025
3.638689	0.000025
3.637163	0.000026
3.635637	0.000026
3.634111	0.000026
3.632585	0.000026
3.631058	0.000027
3.629532	0.000027
3.628006	0.000027
3.626480	0.000027
3.624954	0.000028
3.623428	0.000028
3.621902	0.000028
3.620376	0.000029
3.618850	0.000029
3.617324	0.000029
3.615798	0.000029
3.614272	0.000030
3.612746	0.000030
3.611220	0.000030
3.609694	0.000031
3.608168	0.000031
3.606641	0.000031
3.605115	0.000032
3.603589	0.000032
3.602063	0.000032
3.600537	0.000033
3.599011	0.000033
3.597485	0.000033
3.595959	0.000034
3.594433	0.000034
3.592907	0.000034
3.591381	0.000035
3.589855	0.000035
3.588329	0.000036
3.586803	0.000036
3.585277	0.000036
3.583750	0.000037
3.582224	0.000037
3.580698	0.000038
3.579172	0.000038
3.577646	0.000038
3.576120	0.000039
3.574594	0.000039
3.573068	0.000040
3.571542	0.000040
3.570016	0.000041
3.568490	0.000041
3.566964	0.000042
3.565438	0.000042
3.563912	0.000043
3.562386	0.000043
3.560859	0.000044
3.559333	0.000044
3.557807	0.000045
3.556281	0.000045
3.554755	0.000046
3.553229	0.000047
3.551703	0.000047
3.550177	0.000048
3.548651	0.000048
3.547125	0.000049
3.545599	0.000050
3.544073	0.000050
3.542547	0.000051
3.541021	0.000052
3.539495	0.000052
3.537969	0.000053
3.536442	0.000054
3.534916	0.000055
3.533390	0.000055
3.531864	0.000056
3.530338	0.000057
3.528812	0.000058
3.527286	0.000059
3.525760	0.000059
3.524234	0.000060
3.522708	0.000061
3.521182	0.000062
3.519656	0.000063
3.518130	0.000064
3.516604	0.000065
3.515078	0.000066
3.513551	0.000067
3.512025	0.000068
3.510499	0.000069
3.508973	0.000070
3.507447	0.000071
3.505921	0.000072
3.504395	0.000074
3.502869	0.000075
3.501343	0.000076
3.499817	0.000077
3.498291	0.000079
3.496765	0.000080
3.495239	0.000081
3.493713	0.000083
3.492187	0.000084
3.490660	0.000086
3.489134	0.000087
3.487608	0.000089
3.486082	0.000090
3.484556	0.000092
3.483030	0.000094
3.481504	0.000095
3.479978	0.000097
3.478452	0.000099
3.476926	0.000101
3.475400	0.000103
3.473874	0.000105
3.472348	0.000107
3.470822	0.000109
3.469296	0.000111
3.467770	0.000114
3.466243	0.000116
3.464717	0.000118
3.463191	0.000121
3.461665	0.000123
3.460139	0.000126
3.458613	0.000129
3.457087	0.000132
3.455561	0.000135
3.454035	0.000138
3.452509	0.000141
3.450983	0.000144
3.449457	0.000147
3.447931	0.000151
3.446405	0.000154
3.444879	0.000158
3.443352	0.000162
3.441826	0.000166
3.440300	0.000170
3.438774	0.000175
3.437248	0.000179
3.435722	0.000184
3.434196	0.000189
3.432670	0.000194
3.431144	0.000199
3.429618	0.000205
3.428092	0.000210
3.426566	0.000216
3.425040	0.000223
3.423514	0.000229
3.421988	0.000236
3.420461	0.000243
3.418935	0.000251
3.417409	0.000259
3.415883	0.000267
3.414357	0.000276
3.412831	0.000285
3.411305	0.000294
3.409779	0.000304
3.408253	0.000315
3.406727	0.000326
3.405201	0.000338
3.403675	0.000351
3.402149	0.000364
3.400623	0.000378
3.399097	0.000393
3.397571	0.000409
3.396044	0.000426
3.394518	0.000444
3.392992	0.000463
3.391466	0.000484
3.389940	0.000506
3.388414	0.000530
3.386888	0.000555
3.385362	0.000583
3.383836	0.000613
3.382310	0.000645
3.380784	0.000680
3.379258	0.000718
3.377732	0.000759
3.376206	0.000805
3.374680	0.000855
3.373153	0.000910
3.371627	0.000971
3.370101	0.001039
3.368575	0.001115
3.367049	0.001201
3.365523	0.001299
3.363997	0.001410
3.362471	0.001539
3.360945	0.001688
3.359419	0.001864
3.357893	0.002073
3.356367	0.002327
3.354841	0.002640
3.353315	0.003036
3.351789	0.003550
3.350262	0.004243
3.348736	0.005223
3.347210	0.006695
3.345684	0.009102
3.344158	0.013540
3.342632	0.023338
3.341106	0.051878
3.339580	0.156913
3.338054	0.148713
3.336528	0.051480
3.335002	0.026650
3.333476	0.019589
3.331950	0.018402
3.330424	0.020701
3.328898	0.027012
3.327372	0.040916
3.325845	0.074945
3.324319	0.183198
3.322793	0.553659
3.321267	0.360046
3.319741	0.122172
3.318215	0.059424
3.316689	0.038152
3.315163	0.030375
3.313637	0.029335
3.312111	0.034253
3.310585	0.048948
3.309059	0.089323
3.307533	0.228735
3.306007	0.620088
3.304481	0.293530
3.302954	0.104133
3.301428	0.051467
3.299902	0.031771
3.298376	0.023036
3.296850	0.019333
3.295324	0.019147
3.293798	0.023545
3.292272	0.039199
3.290746	0.099163
3.289220	0.214692
3.287694	0.082534
3.286168	0.032193
3.284642	0.017110
3.283116	0.010913
3.281590	0.007761
3.280063	0.005916
3.278537	0.004727
3.277011	0.003906
3.275485	0.003308
3.273959	0.002854
3.272433	0.002500
3.270907	0.002216
3.269381	0.001983
3.267855	0.001789
3.266329	0.001626
3.264803	0.001486
3.263277	0.001365
3.261751	0.001260
3.260225	0.001167
3.258699	0.001085
3.257173	0.001012
3.255646	0.000947
3.254120	0.000888
3.252594	0.000835
3.251068	0.000787
3.249542	0.000743
3.248016	0.000703
3.246490	0.000666
3.244964	0.000633
3.243438	0.000601
3.241912	0.000573
3.240386	0.000546
3.238860	0.000521
3.237334	0.000498
3.235808	0.000477
3.234282	0.000456
3.232755	0.000438
3.231229	0.000420
3.229703	0.000403
3.228177	0.000388
3.226651	0.000373
3.225125	0.000359
3.223599	0.000346
3.222073	0.000334
3.220547	0.000322
3.219021	0.000311
3.217495	0.000301
3.215969	0.000291
3.214443	0.000282
3.212917	0.000273
3.211391	0.000264
3.209864	0.000256
3.208338	0.000248
3.206812	0.000241
3.205286	0.000234
3.203760	0.000227
3.202234	0.000221
3.200708	0.000214
3.199182	0.000208
3.197656	0.000203
3.196130	0.000197
3.194604	0.000192
3.193078	0.000187
3.191552	0.000182
3.190026	0.000178
3.188500	0.000173
3.186974	0.000169
3.185447	0.000165
3.183921	0.000161
3.182395	0.000157
3.180869	0.000153
3.179343	0.000150
3.177817	0.000146
3.176291	0.000143
3.174765	0.000140
3.173239	0.000137
3.171713	0.000134
3.170187	0.000131
3.168661	0.000128
3.167135	0.000125
3.165609	0.000123
3.164083	0.000120
3.162556	0.000118
3.161030	0.000115
3.159504	0.000113
3.157978	0.000111
3.156452	0.000109
3.154926	0.000107
3.153400	0.000104
3.151874	0.000102
3.150348	0.000101
3.148822	0.000099
3.147296	0.000097
3.145770	0.000095
3.144244	0.000093
3.142718	0.000092
3.141192	0.000090
3.139665	0.000088
3.138139	0.000087
3.136613	0.000085
3.135087	0.000084
3.133561	0.000083
3.132035	0.000081
3.130509	0.000080
3.128983	0.000079
3.127457	0.000077
3.125931	0.000076
3.124405	0.000075
3.122879	0.000074
3.121353	0.000072
3.119827	0.000071
3.118301	0.000070
3.116775	0.000069
3.115248	0.000068
3.113722	0.000067
3.112196	0.000066
3.110670	0.000065
3.109144	0.000064
3.107618	0.000063
3.106092	0.000062
3.104566	0.000061
3.103040	0.000060
3.101514	0.000060
3.099988	0.000059
3.098462	0.000058
3.096936	0.000057
3.095410	0.000056
3.093884	0.000056
3.092357	0.000055
3.090831	0.000054
3.089305	0.000053
3.087779	0.000053
3.086253	0.000052
3.084727	0.000051
3.083201	0.000051
3.081675	0.000050
3.080149	0.000049
3.078623	0.000049
3.077097	0.000048
3.075571	0.000047
3.074045	0.000047
3.072519	0.000046
3.070993	0.000046
3.069466	0.000045
3.067940	0.000045
3.066414	0.000044
3.064888	0.000043
3.063362	0.000043
3.061836	0.000042
3.060310	0.000042
3.058784	0.000041
3.057258	0.000041
3.055732	0.000041
3.054206	0.000040
3.052680	0.000040
3.051154	0.000039
3.049628	0.000039
3.048102	0.000038
3.046576	0.000038
3.045049	0.000037
3.043523	0.000037
3.041997	0.000037
3.040471	0.000036
3.038945	0.000036
3.037419	0.000035
3.035893	0.000035
3.034367	0.000035
3.032841	0.000034
3.031315	0.000034
3.029789	0.000034
3.028263	0.000033
3.026737	0.000033
3.025211	0.000033
3.023685	0.000032
3.022158	0.000032
3.020632	0.000032
3.019106	0.000031
3.017580	0.000031
3.016054	0.000031
3.014528	0.000030
3.013002	0.000030
3.011476	0.000030
3.009950	0.000030
3.008424	0.000029
3.006898	0.000029
3.005372	0.000029
3.003846	0.000028
3.002320	0.000028
3.000794	0.000028
2.999267	0.000028
2.997741	0.000027
2.996215	0.000027
2.994689	0.000027
2.993163	0.000027
2.991637	0.000026
2.990111	0.000026
2.988585	0.000026
2.987059	0.000026
2.985533	0.000025
2.984007	0.000025
2.982481	0.000025
2.980955	0.000025
2.979429	0.000025
2.977903	0.000024
2.976377	0.000024
2.974850	0.000024
2.973324	0.000024
2.971798	0.000024
2.970272	0.000023
2.968746	0.000023
2.967220	0.000023
2.965694	0.000023
2.964168	0.000023
2.962642	0.000022
2.961116	0.000022
2.959590	0.000022
2.958064	0.000022
2.956538	0.000022
2.955012	0.000022
2.953486	0.000021
2.951959	0.000021
2.950433	0.000021
2.948907	0.000021
2.947381	0.000021
2.945855	0.000021
2.944329	0.000020
2.942803	0.000020
2.941277	0.000020
2.939751	0.000020
2.938225	0.000020
2.936699	0.000020
2.935173	0.000019
2.933647	0.000019
2.932121	0.000019
2.930595	0.000019
2.929068	0.000019
2.927542	0.000019
2.926016	0.000019
2.924490	0.000019
2.922964	0.000018
2.921438	0.000018
2.919912	0.000018
2.918386	0.000018
2.916860	0.000018
2.915334	0.000018
2.913808	0.000018
2.912282	0.000018
2.910756	0.000017
2.909230	0.000017
2.907704	0.000017
2.906178	0.000017
2.904651	0.000017
2.903125	0.000017
2.901599	0.000017
2.900073	0.000017
2.898547	0.000016
2.897021	0.000016
2.895495	0.000016
2.893969	0.000016
2.892443	0.000016
2.890917	0.000016
2.889391	0.000016
2.887865	0.000016
2.886339	0.000016
2.884813	0.000016
2.883287	0.000015
2.881760	0.000015
2.880234	0.000015
2.878708	0.000015
2.877182	0.000015
2.875656	0.000015
2.874130	0.000015
2.872604	0.000015
2.871078	0.000015
2.869552	0.000015
2.868026	0.000015
2.866500	0.000014
2.864974	0.000014
2.863448	0.000014
2.861922	0.000014
2.860396	0.000014
2.858869	0.000014
2.857343	0.000014
2.855817	0.000014
2.854291	0.000014
2.852765	0.000014
2.851239	0.000014
2.849713	0.000014
2.848187	0.000013
2.846661	0.000013
2.845135	0.000013
2.843609	0.000013
2.842083	0.000013
2.840557	0.000013
2.839031	0.000013
2.837505	0.000013
2.835979	0.000013
2.834452	0.000013
2.832926	0.000013
2.831400	0.000013
2.829874	0.000013
2.828348	0.000013
2.826822	0.000012
2.825296	0.000012
2.823770	0.000012
2.822244	0.000012
2.820718	0.000012
2.819192	0.000012
2.817666	0.000012
2.816140	0.000012
2.814614	0.000012
2.813088	0.000012
2.811561	0.000012
2.810035	0.000012
2.808509	0.000012
2.806983	0.000012
2.805457	0.000012
2.803931	0.000012
2.802405	0.000011
2.800879	0.000011
2.799353	0.000011
2.797827	0.000011
2.796301	0.000011
2.794775	0.000011
2.793249	0.000011
2.791723	0.000011
2.790197	0.000011
2.788670	0.000011
2.787144	0.000011
2.785618	0.000011
2.784092	0.000011
2.782566	0.000011
2.781040	0.000011
2.779514	0.000011
2.777988	0.000011
2.776462	0.000011
2.774936	0.000011
2.773410	0.000010
2.771884	0.000010
2.770358	0.000010
2.768832	0.000010
2.767306	0.000010
2.765780	0.000010
2.764253	0.000010
2.762727	0.000010
2.761201	0.000010
2.759675	0.000010
2.758149	0.000010
2.756623	0.000010
2.755097	0.000010
2.753571	0.000010
2.752045	0.000010
2.750519	0.000010
2.748993	0.000010
2.747467	0.000010
2.745941	0.000010
2.744415	0.000010
2.742889	0.000010
2.741362	0.000010
2.739836	0.000010
2.738310	0.000009
2.736784	0.000009
2.735258	0.000009
2.733732	0.000009
2.732206	0.000009
2.730680	0.000009
2.729154	0.000009
2.727628	0.000009
2.726102	0.000009
2.724576	0.000009
2.723050	0.000009
2.721524	0.000009
2.719998	0.000009
2.718471	0.000009
2.716945	0.000009
2.715419	0.000009
2.713893	0.000009
2.712367	0.000009
2.710841	0.000009
2.709315	0.000009
2.707789	0.000009
2.706263	0.000009
2.704737	0.000009
2.703211	0.000009
2.701685	0.000009
2.700159	0.000009
2.698633	0.000009
2.697107	0.000009
2.695581	0.000009
2.694054	0.000009
2.692528	0.000008
2.691002	0.000008
2.689476	0.000008
2.687950	0.000008
2.686424	0.000008
2.684898	0.000008
2.683372	0.000008
2.681846	0.000008
2.680320	0.000008
2.678794	0.000008
2.677268	0.000008
2.675742	0.000008
2.674216	0.000008
2.672690	0.000008
2.671163	0.000008
2.669637	0.000008
2.668111	0.000008
2.666585	0.000008
2.665059	0.000008
2.663533	0.000008
2.662007	0.000008
2.660481	0.000008
2.658955	0.000008
2.657429	0.000008
2.655903	0.000008
2.654377	0.000008
2.652851	0.000008
2.651325	0.000008
2.649799	0.000008
2.648272	0.000008
2.646746	0.000008
2.645220	0.000008
2.643694	0.000008
2.642168	0.000008
2.640642	0.000008
2.639116	0.000008
2.637590	0.000008
2.636064	0.000008
2.634538	0.000008
2.633012	0.000007
2.631486	0.000007
2.629960	0.000007
2.628434	0.000007
2.626908	0.000007
2.625382	0.000007
2.623855	0.000007
2.622329	0.000007
2.620803	0.000007
2.619277	0.000007
2.617751	0.000007
2.616225	0.000007
2.614699	0.000007
2.613173	0.000007
2.611647	0.000007
2.610121	0.000007
2.608595	0.000007
2.607069	0.000007
2.605543	0.000007
2.604017	0.000007
2.602491	0.000007
2.600964	0.000007
2.599438	0.000007
2.597912	0.000007
2.596386	0.000007
2.594860	0.000007
2.593334	0.000007
2.591808	0.000007
2.590282	0.000007
2.588756	0.000007
2.587230	0.000007
2.585704	0.000007
2.584178	0.000007
2.582652	0.000007
2.581126	0.000007
2.579600	0.000007
2.578073	0.000007
2.576547	0.000007
2.575021	0.000007
2.573495	0.000007
2.571969	0.000007
2.570443	0.000007
2.568917	0.000007
2.567391	0.000007
2.565865	0.000007
2.564339	0.000007
2.562813	0.000007
2.561287	0.000007
2.559761	0.000007
2.558235	0.000007
2.556709	0.000007
2.555183	0.000007
2.553656	0.000007
2.552130	0.000007
2.550604	0.000007
2.549078	0.000007
2.547552	0.000007
2.546026	0.000007
2.544500	0.000007
2.542974	0.000007
2.541448	0.000006
2.539922	0.000006
2.538396	0.000006
2.536870	0.000006
2.535344	0.000006
2.533818	0.000006
2.532292	0.000006
2.530765	0.000006
2.529239	0.000006
2.527713	0.000006
2.526187	0.000006
2.524661	0.000006
2.523135	0.000006
2.521609	0.000006
2.520083	0.000006
2.518557	0.000006
2.517031	0.000006
2.515505	0.000006
2.513979	0.000006
2.512453	0.000006
2.510927	0.000006
2.509401	0.000006
2.507874	0.000006
2.506348	0.000006
2.504822	0.000006
2.503296	0.000006
2.501770	0.000006
2.500244	0.000006
2.498718	0.000006
2.497192	0.000006
2.495666	0.000006
2.494140	0.000006
2.492614	0.000006
2.491088	0.000006
2.489562	0.000006
2.488036	0.000006
2.486510	0.000006
2.484984	0.000006
2.483457	0.000006
2.481931	0.000006
2.480405	0.000006
2.478879	0.000006
2.477353	0.000006
2.475827	0.000006
2.474301	0.000006
2.472775	0.000006
2.471249	0.000006
2.469723	0.000006
2.468197	0.000006
2.466671	0.000006
2.465145	0.000006
2.463619	0.000006
2.462093	0.000006
2.460566	0.000006
2.459040	0.000006
2.457514	0.000006
2.455988	0.000006
2.454462	0.000006
2.452936	0.000006
2.451410	0.000006
2.449884	0.000006
2.448358	0.000006
2.446832	0.000006
2.445306	0.000006
2.443780	0.000006
2.442254	0.000006
2.440728	0.000006
2.439202	0.000006
2.437675	0.000006
2.436149	0.000006
2.434623	0.000006
2.433097	0.000006
2.431571	0.000006
2.430045	0.000006
2.428519	0.000006
2.426993	0.000006
2.425467	0.000006
2.423941	0.000006
2.422415	0.000006
2.420889	0.000006
2.419363	0.000006
2.417837	0.000006
2.416311	0.000006
2.414785	0.000006
2.413258	0.000006
2.411732	0.000006
2.410206	0.000006
2.408680	0.000006
2.407154	0.000006
2.405628	0.000006
2.404102	0.000006
2.402576	0.000006
2.401050	0.000006
2.399524	0.000006
2.397998	0.000006
2.396472	0.000006
2.394946	0.000006
2.393420	0.000006
2.391894	0.000006
2.390367	0.000006
2.388841	0.000006
2.387315	0.000006
2.385789	0.000006
2.384263	0.000006
2.382737	0.000006
2.381211	0.000006
2.379685	0.000006
2.378159	0.000006
2.376633	0.000006
2.375107	0.000006
2.373581	0.000006
2.372055	0.000006
2.370529	0.000006
2.369003	0.000006
2.367476	0.000006
2.365950	0.000006
2.364424	0.000006
2.362898	0.000006
2.361372	0.000006
2.359846	0.000006
2.358320	0.000006
2.356794	0.000006
2.355268	0.000006
2.353742	0.000006
2.352216	0.000006
2.350690	0.000006
2.349164	0.000006
2.347638	0.000006
2.346112	0.000006
2.344586	0.000006
2.343059	0.000006
2.341533	0.000006
2.340007	0.000006
2.338481	0.000006
2.336955	0.000006
2.335429	0.000006
2.333903	0.000006
2.332377	0.000006
2.330851	0.000006
2.329325	0.000006
2.327799	0.000006
2.326273	0.000006
2.324747	0.000006
2.323221	0.000006
2.321695	0.000006
2.320168	0.000006
2.318642	0.000006
2.317116	0.000006
2.315590	0.000006
2.314064	0.000006
2.312538	0.000006
2.311012	0.000006
2.309486	0.000006
2.307960	0.000006
2.306434	0.000006
2.304908	0.000006
2.303382	0.000006
2.301856	0.000006
2.300330	0.000006
2.298804	0.000006
2.297277	0.000006
2.295751	0.000006
2.294225	0.000006
2.292699	0.000006
2.291173	0.000006
2.289647	0.000006
2.288121	0.000006
2.286595	0.000006
2.285069	0.000006
2.283543	0.000006
2.282017	0.000006
2.280491	0.000006
2.278965	0.000006
2.277439	0.000006
2.275913	0.000006
2.274387	0.000006
2.272860	0.000006
2.271334	0.000006
2.269808	0.000006
2.268282	0.000006
2.266756	0.000006
2.265230	0.000006
2.263704	0.000006
2.262178	0.000006
2.260652	0.000006
2.259126	0.000006
2.257600	0.000006
2.256074	0.000006
2.254548	0.000006
2.253022	0.000006
2.251496	0.000006
2.249969	0.000006
2.248443	0.000006
2.246917	0.000006
2.245391	0.000006
2.243865	0.000006
2.242339	0.000006
2.240813	0.000006
2.239287	0.000006
2.237761	0.000006
2.236235	0.000006
2.234709	0.000006
2.233183	0.000006
2.231657	0.000006
2.230131	0.000006
2.228605	0.000006
2.227079	0.000006
2.225552	0.000006
2.224026	0.000006
2.222500	0.000006
2.220974	0.000006
2.219448	0.000006
2.217922	0.000006
2.216396	0.000006
2.214870	0.000006
2.213344	0.000006
2.211818	0.000006
2.210292	0.000006
2.208766	0.000006
2.207240	0.000006
2.205714	0.000006
2.204188	0.000006
2.202661	0.000006
2.201135	0.000006
2.199609	0.000006
2.198083	0.000006
2.196557	0.000006
2.195031	0.000006
2.193505	0.000006
2.191979	0.000006
2.190453	0.000006
2.188927	0.000006
2.187401	0.000006
2.185875	0.000006
2.184349	0.000006
2.182823	0.000006
2.181297	0.000006
2.179770	0.000006
2.178244	0.000006
2.176718	0.000006
2.175192	0.000006
2.173666	0.000006
2.172140	0.000006
2.170614	0.000006
2.169088	0.000006
2.167562	0.000006
2.166036	0.000006
2.164510	0.000006
2.162984	0.000006
2.161458	0.000006
2.159932	0.000006
2.158406	0.000006
2.156880	0.000006
2.155353	0.000006
2.153827	0.000006
2.152301	0.000006
2.150775	0.000006
2.149249	0.000006
2.147723	0.000006
2.146197	0.000006
2.144671	0.000006
2.143145	0.000006
2.141619	0.000006
2.140093	0.000006
2.138567	0.000006
2.137041	0.000006
2.135515	0.000006
2.133989	0.000006
2.132462	0.000006
2.130936	0.000006
2.129410	0.000006
2.127884	0.000006
2.126358	0.000006
2.124832	0.000006
2.123306	0.000006
2.121780	0.000006
2.120254	0.000006
2.118728	0.000006
2.117202	0.000006
2.115676	0.000006
2.114150	0.000006
2.112624	0.000006
2.111098	0.000006
2.109571	0.000006
2.108045	0.000006
2.106519	0.000006
2.104993	0.000006
2.103467	0.000006
2.101941	0.000006
2.100415	0.000006
2.098889	0.000006
2.097363	0.000006
2.095837	0.000006
2.094311	0.000006
2.092785	0.000007
2.091259	0.000007
2.089733	0.000007
2.088207	0.000007
2.086681	0.000007
2.085154	0.000007
2.083628	0.000007
2.082102	0.000007
2.080576	0.000007
2.079050	0.000007
2.077524	0.000007
2.075998	0.000007
2.074472	0.000007
2.072946	0.000007
2.071420	0.000007
2.069894	0.000007
2.068368	0.000007
2.066842	0.000007
2.065316	0.000007
2.063790	0.000007
2.062263	0.000007
2.060737	0.000007
2.059211	0.000007
2.057685	0.000007
2.056159	0.000007
2.054633	0.000007
2.053107	0.000007
2.051581	0.000007
2.050055	0.000007
2.048529	0.000007
2.047003	0.000007
2.045477	0.000007
2.043951	0.000007
2.042425	0.000007
2.040899	0.000007
2.039372	0.000007
2.037846	0.000007
2.036320	0.000007
2.034794	0.000007
2.033268	0.000007
2.031742	0.000007
2.030216	0.000007
2.028690	0.000007
2.027164	0.000007
2.025638	0.000007
2.024112	0.000007
2.022586	0.000007
2.021060	0.000007
2.019534	0.000007
2.018008	0.000007
2.016482	0.000007
2.014955	0.000007
2.013429	0.000007
2.011903	0.000007
2.010377	0.000007
2.008851	0.000007
2.007325	0.000007
2.005799	0.000007
2.004273	0.000007
2.002747	0.000007
2.001221	0.000007
1.999695	0.000007
1.998169	0.000007
1.996643	0.000007
1.995117	0.000007
1.993591	0.000007
1.992064	0.000008
1.990538	0.000008
1.989012	0.000008
1.987486	0.000008
1.985960	0.000008
1.984434	0.000008
1.982908	0.000008
1.981382	0.000008
1.979856	0.000008
1.978330	0.000008
1.976804	0.000008
1.975278	0.000008
1.973752	0.000008
1.972226	0.000008
1.970700	0.000008
1.969173	0.000008
1.967647	0.000008
1.966121	0.000008
1.964595	0.000008
1.963069	0.000008
1.961543	0.000008
1.960017	0.000008
1.958491	0.000008
1.956965	0.000008
1.955439	0.000008
1.953913	0.000008
1.952387	0.000008
1.950861	0.000008
1.949335	0.000008
1.947809	0.000008
1.946283	0.000008
1.944756	0.000008
1.943230	0.000008
1.941704	0.000008
1.940178	0.000008
1.938652	0.000008
1.937126	0.000008
1.935600	0.000008
1.934074	0.000008
1.932548	0.000008
1.931022	0.000008
1.929496	0.000008
1.927970	0.000008
1.926444	0.000008
1.924918	0.000009
1.923392	0.000009
1.921865	0.000009
1.920339	0.000009
1.918813	0.000009
1.917287	0.000009
1.915761	0.000009
1.914235	0.000009
1.912709	0.000009
1.911183	0.000009
1.909657	0.000009
1.908131	0.000009
1.906605	0.000009
1.905079	0.000009
1.903553	0.000009
1.902027	0.000009
1.900501	0.000009
1.898974	0.000009
1.897448	0.000009
1.895922	0.000009
1.894396	0.000009
1.892870	0.000009
1.891344	0.000009
1.889818	0.000009
1.888292	0.000009
1.886766	0.000009
1.885240	0.000009
1.883714	0.000009
1.882188	0.000009
1.880662	0.000009
1.879136	0.000009
1.877610	0.000009
1.876084	0.000009
1.874557	0.000010
1.873031	0.000010
1.871505	0.000010
1.869979	0.000010
1.868453	0.000010
1.866927	0.000010
1.865401	0.000010
1.863875	0.000010
1.862349	0.000010
1.860823	0.000010
1.859297	0.000010
1.857771	0.000010
1.856245	0.000010
1.854719	0.000010
1.853193	0.000010
1.851666	0.000010
1.850140	0.000010
1.848614	0.000010
1.847088	0.000010
1.845562	0.000010
1.844036	0.000010
1.842510	0.000010
1.840984	0.000010
1.839458	0.000010
1.837932	0.000010
1.836406	0.000010
1.834880	0.000010
1.833354	0.000011
1.831828	0.000011
1.830302	0.000011
1.828775	0.000011
1.827249	0.000011
1.825723	0.000011
1.824197	0.000011
1.822671	0.000011
1.821145	0.000011
1.819619	0.000011
1.818093	0.000011
1.816567	0.000011
1.815041	0.000011
1.813515	0.000011
1.811989	0.000011
1.810463	0.000011
1.808937	0.000011
1.807411	0.000011
1.805885	0.000011
1.804358	0.000011
1.802832	0.000011
1.801306	0.000011
1.799780	0.000012
1.798254	0.000012
1.796728	0.000012
1.795202	0.000012
1.793676	0.000012
1.792150	0.000012
1.790624	0.000012
1.789098	0.000012
1.787572	0.000012
1.786046	0.000012
1.784520	0.000012
1.782994	0.000012
1.781467	0.000012
1.779941	0.000012
1.778415	0.000012
1.776889	0.000012
1.775363	0.000012
1.773837	0.000012
1.772311	0.000013
1.770785	0.000013
1.769259	0.000013
1.767733	0.000013
1.766207	0.000013
1.764681	0.000013
1.763155	0.000013
1.761629	0.000013
1.760103	0.000013
1.758576	0.000013
1.757050	0.000013
1.755524	0.000013
1.753998	0.000013
1.752472	0.000013
1.750946	0.000013
1.749420	0.000013
1.747894	0.000013
1.746368	0.000014
1.744842	0.000014
1.743316	0.000014
1.741790	0.000014
1.740264	0.000014
1.738738	0.000014
1.737212	0.000014
1.735686	0.000014
1.734159	0.000014
1.732633	0.000014
1.731107	0.000014
1.729581	0.000014
1.728055	0.000014
1.726529	0.000014
1.725003	0.000015
1.723477	0.000015
1.721951	0.000015
1.720425	0.000015
1.718899	0.000015
1.717373	0.000015
1.715847	0.000015
1.714321	0.000015
1.712795	0.000015
1.711268	0.000015
1.709742	0.000015
1.708216	0.000015
1.706690	0.000015
1.705164	0.000016
1.703638	0.000016
1.702112	0.000016
1.700586	0.000016
1.699060	0.000016
1.697534	0.000016
1.696008	0.000016
1.694482	0.000016
1.692956	0.000016
1.691430	0.000016
1.689904	0.000016
1.688377	0.000017
1.686851	0.000017
1.685325	0.000017
1.683799	0.000017
1.682273	0.000017
1.680747	0.000017
1.679221	0.000017
1.677695	0.000017
1.676169	0.000017
1.674643	0.000017
1.673117	0.000018
1.671591	0.000018
1.670065	0.000018
1.668539	0.000018
1.667013	0.000018
1.665487	0.000018
1.663960	0.000018
1.662434	0.000018
1.660908	0.000018
1.659382	0.000018
1.657856	0.000019
1.656330	0.000019
1.654804	0.000019
1.653278	0.000019
1.651752	0.000019
1.650226	0.000019
1.648700	0.000019
1.647174	0.000019
1.645648	0.000020
1.644122	0.000020
1.642596	0.000020
1.641069	0.000020
1.639543	0.000020
1.638017	0.000020
1.636491	0.000020
1.634965	0.000020
1.633439	0.000021
1.631913	0.000021
1.630387	0.000021
1.628861	0.000021
1.627335	0.000021
1.625809	0.000021
1.624283	0.000021
1.622757	0.000022
1.621231	0.000022
1.619705	0.000022
1.618178	0.000022
1.616652	0.000022
1.615126	0.000022
1.613600	0.000022
1.612074	0.000023
1.610548	0.000023
1.609022	0.000023
1.607496	0.000023
1.605970	0.000023
1.604444	0.000023
1.602918	0.000024
1.601392	0.000024
1.599866	0.000024
1.598340	0.000024
1.596814	0.000024
1.595288	0.000024
1.593761	0.000025
1.592235	0.000025
1.590709	0.000025
1.589183	0.000025
1.587657	0.000025
1.586131	0.000025
1.584605	0.000026
1.583079	0.000026
1.581553	0.000026
1.580027	0.000026
1.578501	0.000026
1.576975	0.000027
1.575449	0.000027
1.573923	0.000027
1.572397	0.000027
1.570870	0.000027
1.569344	0.000028
1.567818	0.000028
1.566292	0.000028
1.564766	0.000028
1.563240	0.000029
1.561714	0.000029
1.560188	0.000029
1.558662	0.000029
1.557136	0.000029
1.555610	0.000030
1.554084	0.000030
1.552558	0.000030
1.551032	0.000030
1.549506	0.000031
1.547979	0.000031
1.546453	0.000031
1.544927	0.000031
1.543401	0.000032
1.541875	0.000032
1.540349	0.000032
1.538823	0.000032
1.537297	0.000033
1.535771	0.000033
1.534245	0.000033
1.532719	0.000034
1.531193	0.000034
1.529667	0.000034
1.528141	0.000034
1.526615	0.000035
1.525089	0.000035
1.523562	0.000035
1.522036	0.000036
1.520510	0.000036
1.518984	0.000036
1.517458	0.000037
1.515932	0.000037
1.514406	0.000037
1.512880	0.000038
1.511354	0.000038
1.509828	0.000038
1.508302	0.000039
1.506776	0.000039
1.505250	0.000039
1.503724	0.000040
1.502198	0.000040
1.500671	0.000041
1.499145	0.000041
1.497619	0.000041
1.496093	0.000042
1.494567	0.000042
1.493041	0.000043
1.491515	0.000043
1.489989	0.000043
1.488463	0.000044
1.486937	0.000044
1.485411	0.000045
1.483885	0.000045
1.482359	0.000046
1.480833	0.000046
1.479307	0.000047
1.477780	0.000047
1.476254	0.000048
1.474728	0.000048
1.473202	0.000049
1.471676	0.000049
1.470150	0.000050
1.468624	0.000050
1.467098	0.000051
1.465572	0.000051
1.464046	0.000052
1.462520	0.000052
1.460994	0.000053
1.459468	0.000054
1.457942	0.000054
1.456416	0.000055
1.454890	0.000055
1.453363	0.000056
1.451837	0.000057
1.450311	0.000057
1.448785	0.000058
1.447259	0.000059
1.445733	0.000059
1.444207	0.000060
1.442681	0.000061
1.441155	0.000062
1.439629	0.000062
1.438103	0.000063
1.436577	0.000064
1.435051	0.000065
1.433525	0.000065
1.431999	0.000066
1.430472	0.000067
1.428946	0.000068
1.427420	0.000069
1.425894	0.000070
1.424368	0.000071
1.422842	0.000071
1.421316	0.000072
1.419790	0.000073
1.418264	0.000074
1.416738	0.000075
1.415212	0.000076
1.413686	0.000077
1.412160	0.000078
1.410634	0.000079
1.409108	0.000081
1.407581	0.000082
1.406055	0.000083
1.404529	0.000084
1.403003	0.000085
1.401477	0.000086
1.399951	0.000088
1.398425	0.000089
1.396899	0.000090
1.395373	0.000091
1.393847	0.000093
1.392321	0.000094
1.390795	0.000096
1.389269	0.000097
1.387743	0.000099
1.386217	0.000100
1.384691	0.000102
1.383164	0.000103
1.381638	0.000105
1.380112	0.000107
1.378586	0.000108
1.377060	0.000110
1.375534	0.000112
1.374008	0.000114
1.372482	0.000116
1.370956	0.000117
1.369430	0.000119
1.367904	0.000122
1.366378	0.000124
1.364852	0.000126
1.363326	0.000128
1.361800	0.000130
1.360273	0.000133
1.358747	0.000135
1.357221	0.000137
1.355695	0.000140
1.354169	0.000142
1.352643	0.000145
1.351117	0.000148
1.349591	0.000151
1.348065	0.000154
1.346539	0.000157
1.345013	0.000160
1.343487	0.000163
1.341961	0.000166
1.340435	0.000169
1.338909	0.000173
1.337382	0.000177
1.335856	0.000180
1.334330	0.000184
1.332804	0.000188
1.331278	0.000192
1.329752	0.000196
1.328226	0.000201
1.326700	0.000205
1.325174	0.000210
1.323648	0.000215
1.322122	0.000219
1.320596	0.000225
1.319070	0.000230
1.317544	0.000235
1.316018	0.000241
1.314492	0.000247
1.312965	0.000253
1.311439	0.000260
1.309913	0.000266
1.308387	0.000273
1.306861	0.000281
1.305335	0.000288
1.303809	0.000296
1.302283	0.000304
1.300757	0.000312
1.299231	0.000321
1.297705	0.000330
1.296179	0.000340
1.294653	0.000350
1.293127	0.000361
1.291601	0.000372
1.290074	0.000383
1.288548	0.000395
1.287022	0.000408
1.285496	0.000421
1.283970	0.000435
1.282444	0.000450
1.280918	0.000465
1.279392	0.000481
1.277866	0.000499
1.276340	0.000517
1.274814	0.000536
1.273288	0.000556
1.271762	0.000577
1.270236	0.000600
1.268710	0.000624
1.267183	0.000650
1.265657	0.000677
1.264131	0.000706
1.262605	0.000737
1.261079	0.000770
1.259553	0.000806
1.258027	0.000844
1.256501	0.000885
1.254975	0.000929
1.253449	0.000977
1.251923	0.001028
1.250397	0.001084
1.248871	0.001145
1.247345	0.001211
1.245819	0.001283
1.244293	0.001363
1.242766	0.001450
1.241240	0.001546
1.239714	0.001653
1.238188	0.001772
1.236662	0.001905
1.235136	0.002054
1.233610	0.002223
1.232084	0.002415
1.230558	0.002636
1.229032	0.002890
1.227506	0.003187
1.225980	0.003536
1.224454	0.003951
1.222928	0.004453
1.221402	0.005069
1.219875	0.005838
1.218349	0.006822
1.216823	0.008116
1.215297	0.009875
1.213771	0.012375
1.212245	0.016134
1.210719	0.022229
1.209193	0.033221
1.207667	0.056385
1.206141	0.118478
1.204615	0.345944
1.203089	0.592837
1.201563	0.204633
1.200037	0.087650
1.198511	0.053883
1.196984	0.043283
1.195458	0.042997
1.193932	0.051135
1.192406	0.071998
1.190880	0.122539
1.189354	0.271224
1.187828	0.834948
1.186302	1.000000
1.184776	0.321147
1.183250	0.137086
1.181724	0.077471
1.180198	0.053283
1.178672	0.043361
1.177146	0.042037
1.175620	0.050028
1.174094	0.076962
1.172567	0.167143
1.171041	0.503174
1.169515	0.409176
1.167989	0.134522
1.166463	0.061047
1.164937	0.035013
1.163411	0.023058
1.161885	0.016569
1.160359	0.012625
1.158833	0.010029
1.157307	0.008215
1.155781	0.006889
1.154255	0.005885
1.152729	0.005102
1.151203	0.004478
1.149676	0.003970
1.148150	0.003550
1.146624	0.003198
1.145098	0.002899
1.143572	0.002643
1.142046	0.002421
1.140520	0.002228
1.138994	0.002058
1.137468	0.001908
1.135942	0.001774
1.134416	0.001655
1.132890	0.001548
1.131364	0.001451
1.129838	0.001364
1.128312	0.001285
1.126785	0.001212
1.125259	0.001146
1.123733	0.001085
1.122207	0.001029
1.120681	0.000977
1.119155	0.000930
1.117629	0.000885
1.116103	0.000844
1.114577	0.000806
1.113051	0.000771
1.111525	0.000738
1.109999	0.000706
1.108473	0.000677
1.106947	0.000650
1.105421	0.000624
1.103895	0.000600
1.102368	0.000578
1.100842	0.000556
1.099316	0.000536
1.097790	0.000517
1.096264	0.000499
1.094738	0.000481
1.093212	0.000465
1.091686	0.000450
1.090160	0.000435
1.088634	0.000421
1.087108	0.000408
1.085582	0.000395
1.084056	0.000383
1.082530	0.000372
1.081004	0.000361
1.079477	0.000350
1.077951	0.000340
1.076425	0.000330
1.074899	0.000321
1.073373	0.000312
1.071847	0.000304
1.070321	0.000296
1.068795	0.000288
1.067269	0.000280
1.065743	0.000273
1.064217	0.000266
1.062691	0.000260
1.061165	0.000253
1.059639	0.000247
1.058113	0.000241
1.056586	0.000235
1.055060	0.000230
1.053534	0.000225
1.052008	0.000219
1.050482	0.000214
1.048956	0.000210
1.047430	0.000205
1.045904	0.000200
1.044378	0.000196
1.042852	0.000192
1.041326	0.000188
1.039800	0.000184
1.038274	0.000180
1.036748	0.000176
1.035222	0.000173
1.033696	0.000169
1.032169	0.000166
1.030643	0.000163
1.029117	0.000160
1.027591	0.000156
1.026065	0.000153
1.024539	0.000151
1.023013	0.000148
1.021487	0.000145
1.019961	0.000142
1.018435	0.000140
1.016909	0.000137
1.015383	0.000135
1.013857	0.000132
1.012331	0.000130
1.010805	0.000128
1.009278	0.000126
1.007752	0.000123
1.006226	0.000121
1.004700	0.000119
1.003174	0.000117
1.001648	0.000115
1.000122	0.000113
0.998596	0.000112
0.997070	0.000110
0.995544	0.000108
0.994018	0.000106
0.992492	0.000105
0.990966	0.000103
0.989440	0.000101
0.987914	0.000100
0.986387	0.000098
0.984861	0.000097
0.983335	0.000095
0.981809	0.000094
0.980283	0.000093
0.978757	0.000091
0.977231	0.000090
0.975705	0.000089
0.974179	0.000087
0.972653	0.000086
0.971127	0.000085
0.969601	0.000084
0.968075	0.000083
0.966549	0.000081
0.965023	0.000080
0.963497	0.000079
0.961970	0.000078
0.960444	0.000077
0.958918	0.000076
0.957392	0.000075
0.955866	0.000074
0.954340	0.000073
0.952814	0.000072
0.951288	0.000071
0.949762	0.000070
0.948236	0.000069
0.946710	0.000068
0.945184	0.000068
0.943658	0.000067
0.942132	0.000066
0.940606	0.000065
0.939079	0.000064
0.937553	0.000064
0.936027	0.000063
0.934501	0.000062
0.932975	0.000061
0.931449	0.000061
0.929923	0.000060
0.928397	0.000059
0.926871	0.000058
0.925345	0.000058
0.923819	0.000057
0.922293	0.000056
0.920767	0.000056
0.919241	0.000055
0.917715	0.000055
0.916188	0.000054
0.914662	0.000053
0.913136	0.000053
0.911610	0.000052
0.910084	0.000052
0.908558	0.000051
0.907032	0.000050
0.905506	0.000050
0.903980	0.000049
0.902454	0.000049
0.900928	0.000048
0.899402	0.000048
0.897876	0.000047
0.896350	0.000047
0.894824	0.000046
0.893298	0.000046
0.891771	0.000045
0.890245	0.000045
0.888719	0.000044
0.887193	0.000044
0.885667	0.000044
0.884141	0.000043
0.882615	0.000043
0.881089	0.000042
0.879563	0.000042
0.878037	0.000041
0.876511	0.000041
0.874985	0.000041
0.873459	0.000040
0.871933	0.000040
0.870407	0.000040
0.868880	0.000039
0.867354	0.000039
0.865828	0.000038
0.864302	0.000038
0.862776	0.000038
0.861250	0.000037
0.859724	0.000037
0.858198	0.000037
0.856672	0.000036
0.855146	0.000036
0.853620	0.000036
0.852094	0.000035
0.850568	0.000035
0.849042	0.000035
0.847516	0.000034
0.845990	0.000034
0.844463	0.000034
0.842937	0.000033
0.841411	0.000033
0.839885	0.000033
0.838359	0.000033
0.836833	0.000032
0.835307	0.000032
0.833781	0.000032
0.832255	0.000032
0.830729	0.000031
0.829203	0.000031
0.827677	0.000031
0.826151	0.000030
0.824625	0.000030
0.823099	0.000030
0.821572	0.000030
0.820046	0.000029
0.818520	0.000029
0.816994	0.000029
0.815468	0.000029
0.813942	0.000029
0.812416	0.000028
0.810890	0.000028
0.809364	0.000028
0.807838	0.000028
0.806312	0.000027
0.804786	0.000027
0.803260	0.000027
0.801734	0.000027
0.800208	0.000027
0.798681	0.000026
0.797155	0.000026
0.795629	0.000026
0.794103	0.000026
0.792577	0.000026
0.791051	0.000025
0.789525	0.000025
0.787999	0.000025
0.786473	0.000025
0.784947	0.000025
0.783421	0.000024
0.781895	0.000024
0.780369	0.000024
0.778843	0.000024
0.777317	0.000024
0.775791	0.000024
0.774264	0.000023
0.772738	0.000023
0.771212	0.000023
0.769686	0.000023
0.768160	0.000023
0.766634	0.000023
0.765108	0.000022
0.763582	0.000022
0.762056	0.000022
0.760530	0.000022
0.759004	0.000022
0.757478	0.000022
0.755952	0.000021
0.754426	0.000021
0.752900	0.000021
0.751373	0.000021
0.749847	0.000021
0.748321	0.000021
0.746795	0.000021
0.745269	0.000020
0.743743	0.000020
0.742217	0.000020
0.740691	0.000020
0.739165	0.000020
0.737639	0.000020
0.736113	0.000020
0.734587	0.000019
0.733061	0.000019
0.731535	0.000019
0.730009	0.000019
0.728482	0.000019
0.726956	0.000019
0.725430	0.000019
0.723904	0.000019
0.722378	0.000018
0.720852	0.000018
0.719326	0.000018
0.717800	0.000018
0.716274	0.000018
0.714748	0.000018
0.713222	0.000018
0.711696	0.000018
0.710170	0.000018
0.708644	0.000017
0.707118	0.000017
0.705592	0.000017
0.704065	0.000017
0.702539	0.000017
0.701013	0.000017
0.699487	0.000017
0.697961	0.000017
0.696435	0.000017
0.694909	0.000017
0.693383	0.000016
0.691857	0.000016
0.690331	0.000016
0.688805	0.000016
0.687279	0.000016
0.685753	0.000016
0.684227	0.000016
0.682701	0.000016
0.681174	0.000016
0.679648	0.000016
0.678122	0.000015
0.676596	0.000015
0.675070	0.000015
0.673544	0.000015
0.672018	0.000015
0.670492	0.000015
0.668966	0.000015
0.667440	0.000015
0.665914	0.000015
0.664388	0.000015
0.662862	0.000015
0.661336	0.000015
0.659810	0.000014
0.658283	0.000014
0.656757	0.000014
0.655231	0.000014
0.653705	0.000014
0.652179	0.000014
0.650653	0.000014
0.649127	0.000014
0.647601	0.000014
0.646075	0.000014
0.644549	0.000014
0.643023	0.000014
0.641497	0.000013
0.639971	0.000013
0.638445	0.000013
0.636919	0.000013
0.635393	0.000013
0.633866	0.000013
0.632340	0.000013
0.630814	0.000013
0.629288	0.000013
0.627762	0.000013
0.626236	0.000013
0.624710	0.000013
0.623184	0.000013
0.621658	0.000013
0.620132	0.000013
0.618606	0.000012
0.617080	0.000012
0.615554	0.000012
0.614028	0.000012
0.612502	0.000012
0.610975	0.000012
0.609449	0.000012
0.607923	0.000012
0.606397	0.000012
0.604871	0.000012
0.603345	0.000012
0.601819	0.000012
0.600293	0.000012
0.598767	0.000012
0.597241	0.000012
0.595715	0.000012
0.594189	0.000011
0.592663	0.000011
0.591137	0.000011
0.589611	0.000011
0.588084	0.000011
0.586558	0.000011
0.585032	0.000011
0.583506	0.000011
0.581980	0.000011
0.580454	0.000011
0.578928	0.000011
0.577402	0.000011
0.575876	0.000011
0.574350	0.000011
0.572824	0.000011
0.571298	0.000011
0.569772	0.000011
0.568246	0.000011
0.566720	0.000010
0.565194	0.000010
0.563667	0.000010
0.562141	0.000010
0.560615	0.000010
0.559089	0.000010
0.557563	0.000010
0.556037	0.000010
0.554511	0.000010
0.552985	0.000010
0.551459	0.000010
0.549933	0.000010
0.548407	0.000010
0.546881	0.000010
0.545355	0.000010
0.543829	0.000010
0.542303	0.000010
0.540776	0.000010
0.539250	0.000010
0.537724	0.000010
0.536198	0.000010
0.534672	0.000010
0.533146	0.000009
0.531620	0.000009
0.530094	0.000009
0.528568	0.000009
0.527042	0.000009
0.525516	0.000009
0.523990	0.000009
0.522464	0.000009
0.520938	0.000009
0.519412	0.000009
0.517885	0.000009
0.516359	0.000009
0.514833	0.000009
0.513307	0.000009
0.511781	0.000009
0.510255	0.000009
0.508729	0.000009
0.507203	0.000009
0.505677	0.000009
0.504151	0.000009
0.502625	0.000009
0.501099	0.000009
0.499573	0.000009
0.498047	0.000009
0.496521	0.000009
0.494995	0.000008
0.493468	0.000008
0.491942	0.000008
0.490416	0.000008
0.488890	0.000008
0.487364	0.000008
0.485838	0.000008
0.484312	0.000008
0.482786	0.000008
0.481260	0.000008
0.479734	0.000008
0.478208	0.000008
0.476682	0.000008
0.475156	0.000008
0.473630	0.000008
0.472104	0.000008
0.470577	0.000008
0.469051	0.000008
0.467525	0.000008
0.465999	0.000008
0.464473	0.000008
0.462947	0.000008
0.461421	0.000008
0.459895	0.000008
0.458369	0.000008
0.456843	0.000008
0.455317	0.000008
0.453791	0.000008
0.452265	0.000008
0.450739	0.000008
0.449213	0.000007
0.447686	0.000007
0.446160	0.000007
0.444634	0.000007
0.443108	0.000007
0.441582	0.000007
0.440056	0.000007
0.438530	0.000007
0.437004	0.000007
0.435478	0.000007
0.433952	0.000007
0.432426	0.000007
0.430900	0.000007
0.429374	0.000007
0.427848	0.000007
0.426322	0.000007
0.424796	0.000007
0.423269	0.000007
0.421743	0.000007
0.420217	0.000007
0.418691	0.000007
0.417165	0.000007
0.415639	0.000007
0.414113	0.000007
0.412587	0.000007
0.411061	0.000007
0.409535	0.000007
0.408009	0.000007
0.406483	0.000007
0.404957	0.000007
0.403431	0.000007
0.401905	0.000007
0.400378	0.000007
0.398852	0.000007
0.397326	0.000007
0.395800	0.000007
0.394274	0.000007
0.392748	0.000006
0.391222	0.000006
0.389696	0.000006
0.388170	0.000006
0.386644	0.000006
0.385118	0.000006
0.383592	0.000006
0.382066	0.000006
0.380540	0.000006
0.379014	0.000006
0.377487	0.000006
0.375961	0.000006
0.374435	0.000006
0.372909	0.000006
0.371383	0.000006
0.369857	0.000006
0.368331	0.000006
0.366805	0.000006
0.365279	0.000006
0.363753	0.000006
0.362227	0.000006
0.360701	0.000006
0.359175	0.000006
0.357649	0.000006
0.356123	0.000006
0.354597	0.000006
0.353070	0.000006
0.351544	0.000006
0.350018	0.000006
0.348492	0.000006
0.346966	0.000006
0.345440	0.000006
0.343914	0.000006
0.342388	0.000006
0.340862	0.000006
0.339336	0.000006
0.337810	0.000006
0.336284	0.000006
0.334758	0.000006
0.333232	0.000006
0.331706	0.000006
0.330179	0.000006
0.328653	0.000006
0.327127	0.000006
0.325601	0.000006
0.324075	0.000006
0.322549	0.000006
0.321023	0.000005
0.319497	0.000005
0.317971	0.000005
0.316445	0.000005
0.314919	0.000005
0.313393	0.000005
0.311867	0.000005
0.310341	0.000005
0.308815	0.000005
0.307288	0.000005
0.305762	0.000005
0.304236	0.000005
0.302710	0.000005
0.301184	0.000005
0.299658	0.000005
0.298132	0.000005
0.296606	0.000005
0.295080	0.000005
0.293554	0.000005
0.292028	0.000005
0.290502	0.000005
0.288976	0.000005
0.287450	0.000005
0.285924	0.000005
0.284398	0.000005
0.282871	0.000005
0.281345	0.000005
0.279819	0.000005
0.278293	0.000005
0.276767	0.000005
0.275241	0.000005
0.273715	0.000005
0.272189	0.000005
0.270663	0.000005
0.269137	0.000005
0.267611	0.000005
0.266085	0.000005
0.264559	0.000005
0.263033	0.000005
0.261507	0.000005
0.259980	0.000005
0.258454	0.000005
0.256928	0.000005
0.255402	0.000005
0.253876	0.000005
0.252350	0.000005
0.250824	0.000005
0.249298	0.000005
0.247772	0.000005
0.246246	0.000005
0.244720	0.000005
0.243194	0.000005
0.241668	0.000005
0.240142	0.000005
0.238616	0.000005
0.237089	0.000005
0.235563	0.000005
0.234037	0.000005
0.232511	0.000005
0.230985	0.000005
0.229459	0.000005
0.227933	0.000005
0.226407	0.000005
0.224881	0.000004
0.223355	0.000004
0.221829	0.000004
0.220303	0.000004
0.218777	0.000004
0.217251	0.000004
0.215725	0.000004
0.214199	0.000004
0.212672	0.000004
0.211146	0.000004
0.209620	0.000004
0.208094	0.000004
0.206568	0.000004
0.205042	0.000004
0.203516	0.000004
0.201990	0.000004
0.200464	0.000004
0.198938	0.000004
0.197412	0.000004
0.195886	0.000004
0.194360	0.000004
0.192834	0.000004
0.191308	0.000004
0.189781	0.000004
0.188255	0.000004
0.186729	0.000004
0.185203	0.000004
0.183677	0.000004
0.182151	0.000004
0.180625	0.000004
0.179099	0.000004
0.177573	0.000004
0.176047	0.000004
0.174521	0.000004
0.172995	0.000004
0.171469	0.000004
0.169943	0.000004
0.168417	0.000004
0.166890	0.000004
0.165364	0.000004
0.163838	0.000004
0.162312	0.000004
0.160786	0.000004
0.159260	0.000004
0.157734	0.000004
0.156208	0.000004
0.154682	0.000004
0.153156	0.000004
0.151630	0.000004
0.150104	0.000004
0.148578	0.000004
0.147052	0.000004
0.145526	0.000004
0.144000	0.000004
0.142473	0.000004
0.140947	0.000004
0.139421	0.000004
0.137895	0.000004
0.136369	0.000004
0.134843	0.000004
0.133317	0.000004
0.131791	0.000004
0.130265	0.000004
0.128739	0.000004
0.127213	0.000004
0.125687	0.000004
0.124161	0.000004
0.122635	0.000004
0.121109	0.000004
0.119582	0.000004
0.118056	0.000004
0.116530	0.000004
0.115004	0.000004
0.113478	0.000004
0.111952	0.000004
0.110426	0.000004
0.108900	0.000004
0.107374	0.000004
0.105848	0.000004
0.104322	0.000004
0.102796	0.000004
0.101270	0.000004
0.099744	0.000004
0.098218	0.000004
0.096691	0.000004
0.095165	0.000004
0.093639	0.000004
0.092113	0.000004
0.090587	0.000003
0.089061	0.000003
0.087535	0.000003
0.086009	0.000003
0.084483	0.000003
0.082957	0.000003
0.081431	0.000003
0.079905	0.000003
0.078379	0.000003
0.076853	0.000003
0.075327	0.000003
0.073801	0.000003
0.072274	0.000003
0.070748	0.000003
0.069222	0.000003
0.067696	0.000003
0.066170	0.000003
0.064644	0.000003
0.063118	0.000003
0.061592	0.000003
0.060066	0.000003
0.058540	0.000003
0.057014	0.000003
0.055488	0.000003
0.053962	0.000003
0.052436	0.000003
0.050910	0.000003
0.049383	0.000003
0.047857	0.000003
0.046331	0.000003
0.044805	0.000003
0.043279	0.000003
0.041753	0.000003
0.040227	0.000003
0.038701	0.000003
0.037175	0.000003
0.035649	0.000003
0.034123	0.000003
0.032597	0.000003
0.031071	0.000003
0.029545	0.000003
0.028019	0.000003
0.026492	0.000003
0.024966	0.000003
0.023440	0.000003
0.021914	0.000003
0.020388	0.000003
0.018862	0.000003
0.017336	0.000003
0.015810	0.000003
0.014284	0.000003
0.012758	0.000003
0.011232	0.000003
0.009706	0.000003
0.008180	0.000003
0.006654	0.000003
0.005128	0.000003
0.003602	0.000003
0.002075	0.000003
0.000549	0.000003
-0.000977	0.000003
-0.002503	0.000003
-0.004029	0.000003
-0.005555	0.000003
-0.007081	0.000003
-0.008607	0.000003
-0.010133	0.000003
-0.011659	0.000003
-0.013185	0.000003
-0.014711	0.000003
-0.016237	0.000003
-0.017763	0.000003
-0.019289	0.000003
-0.020816	0.000003
-0.022342	0.000003
-0.023868	0.000003
-0.025394	0.000003
-0.026920	0.000003
-0.028446	0.000003
-0.029972	0.000003
-0.031498	0.000003
-0.033024	0.000003
-0.034550	0.000003
-0.036076	0.000003
-0.037602	0.000003
-0.039128	0.000003
-0.040654	0.000003
-0.042180	0.000003
-0.043707	0.000003
-0.045233	0.000003
-0.046759	0.000003
-0.048285	0.000003
-0.049811	0.000003
-0.051337	0.000003
-0.052863	0.000003
-0.054389	0.000003
-0.055915	0.000003
-0.057441	0.000003
-0.058967	0.000003
-0.060493	0.000003
-0.062019	0.000003
-0.063545	0.000003
-0.065071	0.000003
-0.066597	0.000003
-0.068124	0.000003
-0.069650	0.000003
-0.071176	0.000003
-0.072702	0.000003
-0.074228	0.000003
-0.075754	0.000003
-0.077280	0.000003
-0.078806	0.000003
-0.080332	0.000003
-0.081858	0.000003
-0.083384	0.000003
-0.084910	0.000003
-0.086436	0.000003
-0.087962	0.000003
-0.089488	0.000003
-0.091015	0.000003
-0.092541	0.000003
-0.094067	0.000003
-0.095593	0.000003
-0.097119	0.000003
-0.098645	0.000003
-0.100171	0.000003
-0.101697	0.000003
-0.103223	0.000003
-0.104749	0.000003
-0.106275	0.000003
-0.107801	0.000003
-0.109327	0.000003
-0.110853	0.000003
-0.112379	0.000003
-0.113906	0.000003
-0.115432	0.000003
-0.116958	0.000003
-0.118484	0.000003
-0.120010	0.000003
-0.121536	0.000002
-0.123062	0.000002
-0.124588	0.000002
-0.126114	0.000002
-0.127640	0.000002
-0.129166	0.000002
-0.130692	0.000002
-0.132218	0.000002
-0.133744	0.000002
-0.135270	0.000002
-0.136796	0.000002
-0.138323	0.000002
-0.139849	0.000002
-0.141375	0.000002
-0.142901	0.000002
-0.144427	0.000002
-0.145953	0.000002
-0.147479	0.000002
-0.149005	0.000002
-0.150531	0.000002
-0.152057	0.000002
-0.153583	0.000002
-0.155109	0.000002
-0.156635	0.000002
-0.158161	0.000002
-0.159687	0.000002
-0.161214	0.000002
-0.162740	0.000002
-0.164266	0.000002
-0.165792	0.000002
-0.167318	0.000002
-0.168844	0.000002
-0.170370	0.000002
-0.171896	0.000002
-0.173422	0.000002
-0.174948	0.000002
-0.176474	0.000002
-0.178000	0.000002
-0.179526	0.000002
-0.181052	0.000002
-0.182578	0.000002
-0.184105	0.000002
-0.185631	0.000002
-0.187157	0.000002
-0.188683	0.000002
-0.190209	0.000002
-0.191735	0.000002
-0.193261	0.000002
-0.194787	0.000002
-0.196313	0.000002
-0.197839	0.000002
-0.199365	0.000002
-0.200891	0.000002
-0.202417	0.000002
-0.203943	0.000002
-0.205469	0.000002
-0.206995	0.000002
-0.208522	0.000002
-0.210048	0.000002
-0.211574	0.000002
-0.213100	0.000002
-0.214626	0.000002
-0.216152	0.000002
-0.217678	0.000002
-0.219204	0.000002
-0.220730	0.000002
-0.222256	0.000002
-0.223782	0.000002
-0.225308	0.000002
-0.226834	0.000002
-0.228360	0.000002
-0.229886	0.000002
-0.231413	0.000002
-0.232939	0.000002
-0.234465	0.000002
-0.235991	0.000002
-0.237517	0.000002
-0.239043	0.000002
-0.240569	0.000002
-0.242095	0.000002
-0.243621	0.000002
-0.245147	0.000002
-0.246673	0.000002
-0.248199	0.000002
-0.249725	0.000002
-0.251251	0.000002
-0.252777	0.000002
-0.254304	0.000002
-0.255830	0.000002
-0.257356	0.000002
-0.258882	0.000002
-0.260408	0.000002
-0.261934	0.000002
-0.263460	0.000002
-0.264986	0.000002
-0.266512	0.000002
-0.268038	0.000002
-0.269564	0.000002
-0.271090	0.000002
-0.272616	0.000002
-0.274142	0.000002
-0.275668	0.000002
-0.277194	0.000002
-0.278721	0.000002
-0.280247	0.000002
-0.281773	0.000002
-0.283299	0.000002
-0.284825	0.000002
-0.286351	0.000002
-0.287877	0.000002
-0.289403	0.000002
-0.290929	0.000002
-0.292455	0.000002
-0.293981	0.000002
-0.295507	0.000002
-0.297033	0.000002
-0.298559	0.000002
-0.300085	0.000002
-0.301612	0.000002
-0.303138	0.000002
-0.304664	0.000002
-0.306190	0.000002
-0.307716	0.000002
-0.309242	0.000002
-0.310768	0.000002
-0.312294	0.000002
-0.313820	0.000002
-0.315346	0.000002
-0.316872	0.000002
-0.318398	0.000002
-0.319924	0.000002
-0.321450	0.000002
-0.322976	0.000002
-0.324503	0.000002
-0.326029	0.000002
-0.327555	0.000002
-0.329081	0.000002
-0.330607	0.000002
-0.332133	0.000002
-0.333659	0.000002
-0.335185	0.000002
-0.336711	0.000002
-0.338237	0.000002
-0.339763	0.000002
-0.341289	0.000002
-0.342815	0.000002
-0.344341	0.000002
-0.345867	0.000002
-0.347393	0.000002
-0.348920	0.000002
-0.350446	0.000002
-0.351972	0.000002
-0.353498	0.000002
-0.355024	0.000002
-0.356550	0.000002
-0.358076	0.000002
-0.359602	0.000002
-0.361128	0.000002
-0.362654	0.000002
-0.364180	0.000002
-0.365706	0.000002
-0.367232	0.000002
-0.368758	0.000002
-0.370284	0.000002
-0.371811	0.000002
-0.373337	0.000002
-0.374863	0.000002
-0.376389	0.000002
-0.377915	0.000002
-0.379441	0.000002
-0.380967	0.000002
-0.382493	0.000002
-0.384019	0.000002
-0.385545	0.000002
-0.387071	0.000002
-0.388597	0.000002
-0.390123	0.000002
-0.391649	0.000002
-0.393175	0.000002
-0.394702	0.000002
-0.396228	0.000002
-0.397754	0.000002
-0.399280	0.000002
-0.400806	0.000002
-0.402332	0.000002
-0.403858	0.000002
-0.405384	0.000002
-0.406910	0.000002
-0.408436	0.000002
-0.409962	0.000002
-0.411488	0.000002
-0.413014	0.000002
-0.414540	0.000002
-0.416066	0.000002
-0.417592	0.000002
-0.419119	0.000002
-0.420645	0.000002
-0.422171	0.000002
-0.423697	0.000002
-0.425223	0.000002
-0.426749	0.000002
-0.428275	0.000002
-0.429801	0.000002
-0.431327	0.000002
-0.432853	0.000002
-0.434379	0.000002
-0.435905	0.000002
-0.437431	0.000002
-0.438957	0.000002
-0.440483	0.000002
-0.442010	0.000002
-0.443536	0.000002
-0.445062	0.000002
-0.446588	0.000002
-0.448114	0.000002
-0.449640	0.000002
-0.451166	0.000002
-0.452692	0.000002
-0.454218	0.000002
-0.455744	0.000002
-0.457270	0.000002
-0.458796	0.000002
-0.460322	0.000002
-0.461848	0.000002
-0.463374	0.000002
-0.464901	0.000002
-0.466427	0.000002
-0.467953	0.000002
-0.469479	0.000002
-0.471005	0.000002
-0.472531	0.000002
-0.474057	0.000002
-0.475583	0.000002
-0.477109	0.000002
-0.478635	0.000002
-0.480161	0.000002
-0.481687	0.000002
-0.483213	0.000002
-0.484739	0.000002
-0.486265	0.000002
-0.487791	0.000002
-0.489318	0.000002
-0.490844	0.000002
-0.492370	0.000002
-0.493896	0.000002
-0.495422	0.000002
-0.496948	0.000002
-0.498474	0.000002
-0.500000	0.000002
